ref,kind,x_mm,y_mm,height_mm,keepout_radius_mm,role,body_x_mm,body_y_mm,body_z_mm,shape,access_type,direction,finished_width_mm,finished_height_mm,finished_diameter_mm,cutter_bounds_mm,path_bounds_mm
U1,CURRENT_SENSOR,0.000000,0.000000,3.600000,12.000000,component_keepout,24.000000,24.000000,3.600000,cylinder,,,,,,,
J1,BUSBAR_POS,-54.000000,0.000000,8.000000,13.000000,access,26.000000,26.000000,8.000000,cylinder,side_window,Y_PLUS,26.000000,10.000000,0.000000,-67.000000;22.500000;5.600000;-41.000000;26.500000;15.600000,-67.000000;13.000000;5.600000;-41.000000;26.500000;15.600000
J2,BUSBAR_NEG,54.000000,0.000000,8.000000,13.000000,access,26.000000,26.000000,8.000000,cylinder,side_window,Y_PLUS,26.000000,10.000000,0.000000,41.000000;22.500000;5.600000;67.000000;26.500000;15.600000,41.000000;13.000000;5.600000;67.000000;26.500000;15.600000
TP1,HV_TEST,-12.000000,14.000000,0.200000,3.000000,access,2.000000,2.000000,0.200000,cylinder,top_bore,Z_PLUS,0.000000,0.000000,6.000000,-15.000000;11.000000;20.100000;-9.000000;17.000000;24.100000,-15.000000;11.000000;6.800000;-9.000000;17.000000;24.100000
TP2,HV_TEST,12.000000,14.000000,0.200000,3.000000,access,2.000000,2.000000,0.200000,cylinder,top_bore,Z_PLUS,0.000000,0.000000,6.000000,9.000000;11.000000;20.100000;15.000000;17.000000;24.100000,9.000000;11.000000;6.800000;15.000000;17.000000;24.100000
MH1,MOUNTING_HOLE,-78.000000,-14.000000,0.000000,1.750000,standoff_axis,,,,,,,,,,,
MH2,MOUNTING_HOLE,78.000000,-14.000000,0.000000,1.750000,standoff_axis,,,,,,,,,,,
MH3,MOUNTING_HOLE,-78.000000,14.000000,0.000000,1.750000,standoff_axis,,,,,,,,,,,
MH4,MOUNTING_HOLE,78.000000,14.000000,0.000000,1.750000,standoff_axis,,,,,,,,,,,
