x_m,wall_shear_kinematic_m2ps2,cf,blasius_cf,error_percent
0.0025,-0.9031881283,0.01806376257,0.01626461189,11.0617498
0.0075,-0.593270706,0.01186541412,0.009390378054,26.35715039
0.0125,-0.3765230501,0.007530461002,0.007273755564,3.529200783
0.0175,-0.2755826723,0.005511653446,0.006147445462,10.3423775
0.0225,-0.2409993726,0.004819987452,0.005421537297,11.09555855
0.0275,-0.2270172737,0.004540345474,0.004903965001,7.414806724
0.0325,-0.2163430947,0.004326861894,0.004510991704,4.08180334
0.0375,-0.2054380166,0.004108760332,0.004199504733,2.160835777
0.0425,-0.1946888091,0.003893776182,0.003944747811,1.292139109
0.0475,-0.1849523917,0.003699047834,0.003731357873,0.8659056686
0.0525,-0.1765183807,0.003530367614,0.003549229293,0.5314302639
0.0575,-0.1692236769,0.003384473538,0.003391406019,0.2044131698
0.0625,-0.1628134369,0.003256268738,0.003252922378,0.1028724081
0.0675,-0.1570982554,0.003141965108,0.003130126018,0.3782304572
0.0725,-0.1519520375,0.00303904075,0.003020262606,0.6217387967
0.0775,-0.147282487,0.00294564974,0.002921210531,0.836612374
0.0825,-0.1430172284,0.002860344568,0.002831305513,1.02564187
0.0875,-0.1390990667,0.002781981334,0.002749221188,1.191615492
0.0925,-0.1354825763,0.002709651526,0.002673885724,1.337596506
0.0975,-0.1321309495,0.00264261899,0.002604422275,1.466609917
0.1025,-0.12901369,0.0025802738,0.002540105625,1.581358459
0.1075,-0.1261051164,0.002522102328,0.002480330061,1.684141482
0.1125,-0.1233833459,0.002467666918,0.002424585188,1.776870135
0.1175,-0.1208295521,0.002416591042,0.002372437475,1.861105597
0.1225,-0.1184274099,0.002368548198,0.002323515985,1.938106461
0.1275,-0.1161626798,0.002323253596,0.002277501211,2.008885224
0.1325,-0.1140228834,0.002280457668,0.002234116262,2.074261169
0.1375,-0.1119970442,0.002239940884,0.00219311982,2.134906786
0.1425,-0.1100754707,0.002201509414,0.002154300473,2.191381471
0.1475,-0.1082495765,0.00216499153,0.00211747211,2.244158023
0.1525,-0.1065117275,0.00213023455,0.00208247016,2.29364103
0.1575,-0.1048551133,0.002097102266,0.002049148487,2.340180753
0.1625,-0.1032736374,0.002065472748,0.002017376819,2.384082553
0.1675,-0.1017618247,0.002035236494,0.001987038598,2.425614507
0.1725,-0.1003147424,0.002006294848,0.001958029178,2.465012821
0.1775,-0.0989279324,0.001978558648,0.001930254307,2.502485849
0.1825,-0.09759735392,0.001951947078,0.001903628835,2.538217691
0.1875,-0.09631933449,0.00192638669,0.001878075611,2.572371351
0.1925,-0.09509052752,0.00190181055,0.001853524547,2.605091115
0.1975,-0.09390787601,0.00187815752,0.001829911805,2.636504926
0.2025,-0.09276858097,0.001855371619,0.001807179099,2.666726298
0.2075,-0.09167007414,0.001833401483,0.001785273088,2.695856156
0.2125,-0.09060999407,0.001812199881,0.001764144852,2.723984334
0.2175,-0.0895861653,0.001791723306,0.001743749428,2.751191016
0.2225,-0.08859657991,0.001771931598,0.001724045412,2.777547818
0.2275,-0.08763938146,0.001752787629,0.001704994602,2.803118964
0.2325,-0.08671285061,0.001734257012,0.001686561687,2.827962121
0.2375,-0.08581539246,0.001716307849,0.001668713971,2.852129209
0.2425,-0.08494552524,0.001698910505,0.001651421131,2.875667066
0.2475,-0.08410187026,0.001682037405,0.001634655,2.898618056
0.2525,-0.08328314293,0.001665662859,0.001618389372,2.921020598
0.2575,-0.08248814466,0.001649762893,0.00160259983,2.942909565
0.2625,-0.08171575569,0.001634315114,0.001587263593,2.964316753
0.2675,-0.08096492852,0.00161929857,0.00157235938,2.98527114
0.2725,-0.08023468206,0.001604693641,0.001557867279,3.005799205
0.2775,-0.07952409636,0.001590481927,0.001543768643,3.025925219
0.2825,-0.07883230779,0.001576646156,0.001530045982,3.04567144
0.2875,-0.07815850472,0.001563170094,0.001516682879,3.065058338
0.2925,-0.07750192357,0.001550038471,0.001503663901,3.084104767
0.2975,-0.07686184523,0.001537236905,0.001490974528,3.102828125
0.3025,-0.07623759178,0.001524751836,0.001478601081,3.121244472
0.3075,-0.07562852357,0.001512570471,0.001466530666,3.139368728
0.3125,-0.07503403642,0.001500680728,0.001454751113,3.157214678
0.3175,-0.0744535592,0.001489071184,0.001443250924,3.174795158
0.3225,-0.07388655154,0.001477731031,0.001432019228,3.192122128
0.3275,-0.07333250171,0.001466650034,0.001421045739,3.209206708
0.3325,-0.07279092475,0.001455818495,0.001410320712,3.226059321
0.3375,-0.07226136066,0.001445227213,0.001399834911,3.242689688
0.3425,-0.07174337281,0.001434867456,0.001389579572,3.259106937
0.3475,-0.07123654642,0.001424730928,0.001379546375,3.275319625
0.3525,-0.07074048718,0.001414809744,0.001369727415,3.291335785
0.3575,-0.07025482001,0.0014050964,0.001360115174,3.307163025
0.3625,-0.06977918779,0.001395583756,0.001350702499,3.322808436
0.3675,-0.06931325038,0.001386265008,0.001341482579,3.338278792
0.3725,-0.06885668352,0.00137713367,0.001332448924,3.353580458
0.3775,-0.0684091779,0.001368183558,0.001323595344,3.368719433
0.3825,-0.06797043834,0.001359408767,0.001314915937,3.383701457
0.3875,-0.06754018291,0.001350803658,0.001306405065,3.398531934
0.3925,-0.06711814222,0.001342362844,0.001298057343,3.413216021
0.3975,-0.06670405868,0.001334081174,0.001289867625,3.427758595
0.4025,-0.06629768587,0.001325953717,0.001281830989,3.442164313
0.4075,-0.06589878791,0.001317975758,0.001273942723,3.456437598
0.4125,-0.06550713891,0.001310142778,0.001266198319,3.470582691
0.4175,-0.06512252241,0.001302450448,0.001258593455,3.484603626
0.4225,-0.06474473088,0.001294894618,0.001251123992,3.49850424
0.4275,-0.06437356526,0.001287471305,0.001243785958,3.512288199
0.4325,-0.06400883455,0.001280176691,0.001236575544,3.525959055
0.4375,-0.06365035534,0.001273007107,0.001229489092,3.539520161
0.4425,-0.06329795144,0.001265959029,0.001222523093,3.552974704
0.4475,-0.06295145359,0.001259029072,0.00121567417,3.566325835
0.4525,-0.06261069899,0.00125221398,0.001208939081,3.57957646
0.4575,-0.0622755311,0.001245510622,0.001202314707,3.592729448
0.4625,-0.06194579926,0.001238915985,0.001195798049,3.605787505
0.4675,-0.06162135846,0.001232427169,0.001189386217,3.618753271
0.4725,-0.061302069,0.00122604138,0.001183076431,3.631629201
0.4775,-0.06098779635,0.001219755927,0.001176866013,3.644417761
0.4825,-0.0606784108,0.001213568216,0.001170752382,3.65712124
0.4875,-0.0603737873,0.001207475746,0.00116473305,3.669741867
0.4925,-0.06007380524,0.001201476105,0.001158805617,3.682281798
0.4975,-0.05977834822,0.001195566964,0.001152967768,3.69474307
0.5025,-0.05948730391,0.001189746078,0.001147217269,3.707127688
0.5075,-0.05920056382,0.001184011276,0.001141551964,3.719437542
0.5125,-0.05891802316,0.001178360463,0.001135969769,3.73167446
0.5175,-0.05863958068,0.001172791614,0.001130468673,3.743840211
0.5225,-0.0583651385,0.00116730277,0.001125046729,3.755936478
0.5275,-0.05809460199,0.00116189204,0.001119702059,3.7679649
0.5325,-0.05782787963,0.001156557593,0.001114432844,3.779927074
0.5375,-0.05756488283,0.001151297657,0.001109237324,3.79182446
0.5425,-0.05730552591,0.001146110518,0.001104113799,3.803658577
0.5475,-0.05704972586,0.001140994517,0.00109906062,3.815430775
0.5525,-0.05679740231,0.001135948046,0.001094076192,3.827142389
0.5575,-0.05654847743,0.001130969549,0.001089158971,3.838794748
0.5625,-0.05630287578,0.001126057516,0.001084307459,3.850389091
0.5675,-0.05606052421,0.001121210484,0.001079520207,3.861926553
0.5725,-0.05582135186,0.001116427037,0.001074795807,3.873408343
0.5775,-0.05558528998,0.0011117058,0.001070132896,3.884835568
0.5825,-0.05535227183,0.001107045437,0.001065530153,3.8962092
0.5875,-0.05512223273,0.001102444655,0.001060986293,3.907530324
0.5925,-0.05489510985,0.001097902197,0.001056500073,3.918799881
0.5975,-0.05467084218,0.001093416844,0.001052070284,3.930018749
0.6025,-0.05444937053,0.001088987411,0.001047695753,3.941187877
0.6075,-0.05423063735,0.001084612747,0.001043375339,3.952308062
0.6125,-0.05401458674,0.001080291735,0.001039107938,3.963380092
0.6175,-0.05380116439,0.001076023288,0.001034892472,3.974404746
0.6225,-0.05359031749,0.00107180635,0.001030727898,3.985382732
0.6275,-0.05338199468,0.001067639894,0.001026613199,3.996314692
0.6325,-0.05317614604,0.001063522921,0.001022547389,4.007201289
0.6375,-0.052972723,0.00105945446,0.001018529505,4.01804313
0.6425,-0.05277167827,0.001055433565,0.001014558615,4.028840719
0.6475,-0.05257296586,0.001051459317,0.001010633809,4.03959459
0.6525,-0.05237654099,0.00104753082,0.001006754202,4.050305214
0.6575,-0.05218236003,0.001043647201,0.001002918934,4.060972966
0.6625,-0.05199038054,0.001039807611,0.0009991271663,4.071598283
0.6675,-0.05180056113,0.001036011223,0.000995378083,4.082181465
0.6725,-0.05161286148,0.00103225723,0.0009916708892,4.092722785
0.6775,-0.05142724232,0.001028544846,0.0009880048105,4.103222524
0.6825,-0.05124366533,0.001024873307,0.0009843790925,4.113680835
0.6875,-0.05106209317,0.001021241863,0.0009807930001,4.124097875
0.6925,-0.05088248939,0.001017649788,0.0009772458167,4.134473681
0.6975,-0.05070481846,0.001014096369,0.0009737368437,4.144808294
0.7025,-0.0505290457,0.001010580914,0.0009702654001,4.155101677
0.7075,-0.05035513728,0.001007102746,0.0009668308215,4.16535377
0.7125,-0.05018306013,0.001003661203,0.0009634324601,4.175564362
0.7175,-0.05001278198,0.00100025564,0.0009600696839,4.185733223
0.7225,-0.04984427132,0.0009968854264,0.000956741876,4.195860075
0.7275,-0.04967749732,0.0009935499464,0.0009534484346,4.205944475
0.7325,-0.04951242987,0.0009902485974,0.0009501887723,4.215985942
0.7375,-0.04934903955,0.000986980791,0.0009469623156,4.225983945
0.7425,-0.04918729755,0.000983745951,0.0009437685044,4.235937776
0.7475,-0.04902717571,0.0009805435142,0.000940606792,4.245846677
0.7525,-0.04886864647,0.0009773729294,0.0009374766442,4.255709773
0.7575,-0.04871168285,0.000974233657,0.0009343775394,4.265526077
0.7625,-0.04855625839,0.0009711251678,0.0009313089678,4.275294388
0.7675,-0.04840234721,0.0009680469442,0.0009282704312,4.285013466
0.7725,-0.0482499239,0.000964998478,0.000925261443,4.294681824
0.7775,-0.04809896352,0.0009619792704,0.0009222815272,4.304297768
0.7825,-0.04794944166,0.0009589888332,0.0009193302188,4.313859551
0.7875,-0.04780133431,0.0009560266862,0.0009164070628,4.323365129
0.7925,-0.0476546179,0.000953092358,0.0009135116146,4.332812277
0.7975,-0.04750926926,0.0009501853852,0.0009106434392,4.342198527
0.8025,-0.04736526559,0.0009473053118,0.0009078021111,4.351521133
0.8075,-0.04722258442,0.0009444516884,0.000904987214,4.360777008
0.8125,-0.04708120357,0.0009416240714,0.0009021983408,4.369962658
0.8175,-0.04694110119,0.0009388220238,0.0008994350928,4.379074296
0.8225,-0.04680225567,0.0009360451134,0.0008966970801,4.388107662
0.8275,-0.04666464563,0.0009332929126,0.0008939839209,4.397058026
0.8325,-0.04652825,0.000930565,0.0008912952413,4.405920379
0.8375,-0.04639304777,0.0009278609554,0.0008886306756,4.414688901
0.8425,-0.04625901812,0.0009251803624,0.0008859898654,4.423357259
0.8475,-0.04612614028,0.0009225228056,0.0008833724598,4.431918316
0.8525,-0.04599439345,0.000919887869,0.0008807781151,4.440363954
0.8575,-0.04586375681,0.0009172751362,0.0008782064946,4.44868511
0.8625,-0.04573420944,0.0009146841888,0.0008756572687,4.456871601
0.8675,-0.04560573025,0.000912114605,0.000873130114,4.464911974
0.8725,-0.04547829805,0.000909565961,0.000870624714,4.472793664
0.8775,-0.04535189123,0.0009070378246,0.0008681407582,4.480502271
0.8825,-0.04522648783,0.0009045297566,0.0008656779426,4.488021711
0.8875,-0.04510206523,0.0009020413046,0.0008632359689,4.495333499
0.8925,-0.04497859992,0.0008995719984,0.0008608145449,4.5024162
0.8975,-0.04485606748,0.0008971213496,0.0008584133839,4.509245366
0.9025,-0.04473444212,0.0008946888424,0.0008560322048,4.515792436
0.9075,-0.04461369657,0.0008922739314,0.0008536707322,4.522024447
0.9125,-0.0444938019,0.000889876038,0.0008513286956,4.52790357
0.9175,-0.04437472674,0.0008874945348,0.0008490058299,4.533385232
0.9225,-0.0442564371,0.000885128742,0.0008467018749,4.538417617
0.9275,-0.04413889493,0.0008827778986,0.0008444165756,4.542938182
0.9325,-0.04402205764,0.0008804411528,0.0008421496813,4.546872403
0.9375,-0.04390587616,0.0008781175232,0.0008399009465,4.550129014
0.9425,-0.04379029312,0.0008758058624,0.00083767013,4.552595472
0.9475,-0.04367524205,0.000873504841,0.000835456995,4.554135787
0.9525,-0.04356064307,0.0008712128614,0.0008332613092,4.554579909
0.9575,-0.04344635059,0.0008689270118,0.0008310828446,4.553597453
0.9625,-0.04333257674,0.0008666515348,0.0008289213771,4.551717302
0.9675,-0.04321737588,0.0008643475176,0.0008267766869,4.544253768
0.9725,-0.0431082712,0.000862165424,0.000824648558,4.549436925
0.9775,-0.04297613238,0.0008595226476,0.0008225367785,4.49656114
0.9825,-0.04291395216,0.0008582790432,0.0008204411399,4.611897357
0.9875,-0.04266312862,0.0008532625724,0.0008183614379,4.264757952
0.9925,-0.04280824811,0.0008561649622,0.0008162974713,4.883941487
0.9975,-0.04257148215,0.000851429643,0.0008142490428,4.566244258
