GlobalId,Class,TypeName,MaterialSummary,Storey
1FIl0Mz498LPxEs0ugl9$m,IfcWall,Apartment Exterior/Interior Wall,Brick | Insulation | Gypsum,Level 00
2g8$ikVNb09R0mSTCtBPtJ,IfcWall,Apartment Exterior/Interior Wall,Brick | Insulation | Gypsum,Level 00
26HOyG6LL7BAEBl0ubdba9,IfcWall,Apartment Exterior/Interior Wall,Brick | Insulation | Gypsum,Level 00
0hvT0BATzEIRJnims9yWEx,IfcWall,Apartment Exterior/Interior Wall,Brick | Insulation | Gypsum,Level 00
0$n0FO$eT4zxtoOzT84fWH,IfcWall,Apartment Exterior/Interior Wall,Brick | Insulation | Gypsum,Level 00
280tOxh2TC39KzqZwOzqFZ,IfcWall,Apartment Exterior/Interior Wall,Brick | Insulation | Gypsum,Level 00
216ZpKKRb8Pgs9P2sVzHF7,IfcWall,Apartment Exterior/Interior Wall,Brick | Insulation | Gypsum,Level 00
3209TK0rL4hxVwIqzO5FX7,IfcDoor,Apartment Door Type A,Timber,Level 00
0YkRZKdYr809xWEnwZx_Rl,IfcDoor,Apartment Door Type A,Timber,Level 00
10P64jGYL1aeHQSQkhgZNN,IfcDoor,Apartment Door Type A,Timber,Level 00
3orDbXUiTDKOO9txfPvX96,IfcWindow,Apartment Window Type A,Aluminium,Level 00
35T4XxQYn1Z9Cje_7r257l,IfcWindow,Apartment Window Type A,Aluminium,Level 00
2TKKG$d6D2OwKhBrERN88o,IfcWindow,Apartment Window Type A,Aluminium,Level 00
01GvB0Frf9GASdUIrxkz6$,IfcWindow,Apartment Window Type A,Aluminium,Level 00
