Part,Value,Package,MPN,Datasheet
C1,10u,"E2,5-6",CAP-10U-25V-ELEC,https://example.com/ds/cap-10u.pdf
C2,10u,"E2,5-6",CAP-10U-25V-ELEC,https://example.com/ds/cap-10u.pdf
C3,10n,C025-025X050,CAP-10N-50V-X7R,https://example.com/ds/cap-10n.pdf
C4,10n,C025-025X050,CAP-10N-50V-X7R,https://example.com/ds/cap-10n.pdf
C5,27p,"C2,5-2",CAP-27P-50V-C0G,https://example.com/ds/cap-27p.pdf
D1,,DO35-10,1N4148W-TP,https://example.com/ds/1n4148.pdf
IC1,16F84,DIL18,PIC16F84A-04/P,https://example.com/ds/pic16f84a.pdf
J1,,1X20,CONN-PINHD-1X20,https://example.com/ds/pinhd-1x20.pdf
R1,2.2k,0207/10,RES-2K2-0207,https://example.com/ds/res-2k2.pdf
U1,78L05,TO92,78L05-ACZ,https://example.com/ds/78l05.pdf
