wall_face_index,yplus
0,51.15473133
1,57.53679906
2,61.74801431
3,64.41514957
4,65.98837876
5,66.79584497
6,67.07574897
7,67.00181231
8,66.70086021
9,66.2645864
10,65.75828894
11,65.23062309
12,64.70937681
13,64.20293725
14,63.71742503
15,63.257173
16,62.82492328
17,62.42211314
18,62.04917151
19,61.70575968
20,61.3909631
21,61.10344545
22,60.84157187
23,60.6035112
24,60.38732207
25,60.19102129
26,60.01264099
27,59.85027288
28,59.70210104
29,59.56642741
30,59.44168734
31,59.32646164
32,59.21948284
33,59.11963529
34,59.02595142
35,58.93760226
36,58.85388595
37,58.77421628
38,58.69810824
39,58.62516528
40,58.5550682
41,58.48756276
42,58.42245025
43,58.35957834
44,58.29883239
45,58.24012975
46,58.18341237
47,58.12864167
48,58.07579477
49,58.02486025
50,57.97583483
51,57.92872064
52,57.88352198
53,57.84024326
54,57.79888693
55,57.75945046
56,57.72192586
57,57.68629761
58,57.65254101
59,57.62062258
60,57.59049843
61,57.56211492
62,57.53540921
63,57.51030955
64,57.48673791
65,57.46461038
66,57.44383898
67,57.42433465
68,57.40600778
69,57.38877056
70,57.37253825
71,57.35722975
72,57.34276968
73,57.32908765
74,57.31611902
75,57.30380501
76,57.29209213
77,57.28093197
78,57.27028073
79,57.2600984
80,57.25034886
81,57.2409988
82,57.23201714
83,57.22337587
84,57.21504865
85,57.20701101
86,57.19924054
87,57.19171617
88,57.1844189
89,57.17733141
90,57.17043722
91,57.16372189
92,57.15717234
93,57.15077625
94,57.14452345
95,57.13840522
96,57.1324146
97,57.12654564
98,57.12079194
99,57.11514777
100,57.10960832
101,57.1041686
102,57.09882356
103,57.0935698
104,57.08840766
105,57.08333927
106,57.07836595
107,57.07348736
108,57.06870226
109,57.06400876
110,57.05940526
111,57.05488987
112,57.05046052
113,57.04611559
114,57.04185264
115,57.03766948
116,57.03356422
117,57.02953422
118,57.02557896
119,57.02169985
120,57.01789801
121,57.0141743
122,57.01052842
123,57.00695996
124,57.00346902
125,57.00005517
126,56.99671817
127,56.993458
128,56.99027464
129,56.98716826
130,56.9841387
131,56.98118545
132,56.97830844
133,56.97550727
134,56.97278162
135,56.97013219
136,56.9675604
137,56.96506788
138,56.96265488
139,56.96032144
140,56.95806758
141,56.955893
142,56.95379769
143,56.95178197
144,56.94984596
145,56.94798959
146,56.94621314
147,56.94451677
148,56.94290043
149,56.94136432
150,56.93990851
151,56.93853284
152,56.93723669
153,56.93602016
154,56.93488384
155,56.93382844
156,56.93285436
157,56.93196079
158,56.93114762
159,56.93041579
160,56.92976569
161,56.9291974
162,56.92871028
163,56.92830312
164,56.9279753
165,56.92772576
166,56.92755297
167,56.92745602
168,56.92743349
169,56.92748391
170,56.92760625
171,56.92779872
172,56.92806005
173,56.9283889
174,56.92878363
175,56.92924303
176,56.92976599
177,56.93035195
178,56.93100001
179,56.93170621
180,56.93246448
181,56.93326956
182,56.93411849
183,56.93500994
184,56.93594304
185,56.93691757
186,56.93793424
187,56.93899344
188,56.94009583
189,56.94124209
190,56.94243259
191,56.94366783
192,56.94494819
193,56.94627426
194,56.94764699
195,56.94906731
196,56.95053576
197,56.95205264
198,56.95361811
199,56.95523228
200,56.9568948
201,56.95860523
202,56.96036309
203,56.96216794
204,56.96401955
205,56.96591744
206,56.96786091
207,56.96984949
208,56.97188267
209,56.97395984
210,56.97608038
211,56.9782434
212,56.98044809
213,56.98269382
214,56.98498002
215,56.98730663
216,56.98967368
217,56.99208063
218,56.99452723
219,56.99701369
220,56.99954004
221,57.00210629
222,57.00471187
223,57.00735624
224,57.01003889
225,57.01275897
226,57.01551595
227,57.01830897
228,57.02113692
229,57.02399922
230,57.02689503
231,57.02982332
232,57.03278318
233,57.03577334
234,57.03879255
235,57.04183977
236,57.04491401
237,57.04801439
238,57.0511394
239,57.05428772
240,57.05745835
241,57.06065016
242,57.06386212
243,57.06709291
244,57.07034141
245,57.07360658
246,57.07688718
247,57.08018244
248,57.08349137
249,57.08681286
250,57.09014573
251,57.09348916
252,57.09684253
253,57.10020509
254,57.10357578
255,57.10695356
256,57.11033764
257,57.11372714
258,57.11712187
259,57.12052133
260,57.12392433
261,57.12733009
262,57.13073761
263,57.13414656
264,57.13755704
265,57.14096855
266,57.14437992
267,57.14778987
268,57.15119783
269,57.15460405
270,57.15800863
271,57.16141074
272,57.16480925
273,57.16820313
274,57.17159213
275,57.17497628
276,57.17835562
277,57.18172961
278,57.18509694
279,57.18845691
280,57.19180914
281,57.19515372
282,57.19849045
283,57.20181874
284,57.20513798
285,57.20844738
286,57.21174665
287,57.21503543
288,57.2183135
289,57.2215804
290,57.22483564
291,57.22807902
292,57.23130979
293,57.23452853
294,57.23773314
295,57.24093198
296,57.24410022
297,57.24732597
298,57.25033166
299,57.25392059
