x,y,u_eff
756.000,0.000,0.763779
766.000,0.000,0.831033
776.000,0.000,0.896074
786.000,0.000,0.959070
796.000,0.000,1.020169
806.000,0.000,1.079501
816.000,0.000,1.137181
826.000,0.000,1.193310
836.000,0.000,1.247980
846.000,0.000,1.301274
856.000,0.000,1.353267
866.000,0.000,1.404026
876.000,0.000,1.453615
886.000,0.000,1.502089
896.000,0.000,1.549501
906.000,0.000,1.595901
916.000,0.000,1.641333
926.000,0.000,1.685838
936.000,0.000,1.729455
946.000,0.000,1.772222
956.000,0.000,1.814170
966.000,0.000,1.855334
976.000,0.000,2.005935
986.000,0.000,2.203514
996.000,0.000,2.382787
1006.000,0.000,2.547219
1016.000,0.000,2.699290
1026.000,0.000,2.840850
1036.000,0.000,2.973323
1046.000,0.000,3.097839
1056.000,0.000,3.215309
1066.000,0.000,3.326484
1076.000,0.000,3.431991
1086.000,0.000,3.532360
1096.000,0.000,3.628045
1106.000,0.000,3.719439
1116.000,0.000,3.806883
1126.000,0.000,3.890678
1136.000,0.000,3.971089
1146.000,0.000,4.048352
1156.000,0.000,4.122679
1166.000,0.000,4.194259
1176.000,0.000,4.263264
1186.000,0.000,4.329848
1196.000,0.000,4.394154
1206.000,0.000,4.456310
1216.000,0.000,4.516434
1226.000,0.000,4.574636
1236.000,0.000,4.631014
1246.000,0.000,4.685663
1256.000,0.000,4.738666
1266.000,0.000,4.790105
1276.000,0.000,4.840052
1286.000,0.000,4.888576
1296.000,0.000,4.935742
1306.000,0.000,4.981609
1316.000,0.000,5.026235
1326.000,0.000,5.069671
1336.000,0.000,5.111967
1346.000,0.000,5.153169
1356.000,0.000,5.193323
1366.000,0.000,5.232468
1376.000,0.000,5.270645
1386.000,0.000,5.307889
1396.000,0.000,5.344237
1406.000,0.000,5.379721
1416.000,0.000,5.414373
1426.000,0.000,5.448221
1436.000,0.000,5.481296
1446.000,0.000,5.513623
1456.000,0.000,5.545229
1466.000,0.000,5.576137
1476.000,0.000,5.606371
1486.000,0.000,5.635952
1496.000,0.000,5.664904
1506.000,0.000,5.693244
1516.000,0.000,5.720994
1526.000,0.000,5.748170
1536.000,0.000,5.774792
1546.000,0.000,5.800876
1556.000,0.000,5.826437
1566.000,0.000,5.851492
1576.000,0.000,5.876056
1586.000,0.000,5.900143
1596.000,0.000,5.923766
1606.000,0.000,5.946940
1616.000,0.000,5.969675
1626.000,0.000,5.991986
1636.000,0.000,6.013883
1646.000,0.000,6.035378
1656.000,0.000,6.056482
1666.000,0.000,6.077204
1676.000,0.000,6.097556
1686.000,0.000,6.117547
1696.000,0.000,6.137187
1706.000,0.000,6.156484
1716.000,0.000,6.175447
1726.000,0.000,6.194085
1736.000,0.000,6.212406
1746.000,0.000,6.230417
1756.000,0.000,6.248127
1766.000,0.000,6.265542
1776.000,0.000,6.282671
1786.000,0.000,6.299519
1796.000,0.000,6.316093
1806.000,0.000,6.332400
1816.000,0.000,6.348447
1826.000,0.000,6.364238
1836.000,0.000,6.379781
1846.000,0.000,6.395080
1856.000,0.000,6.410141
1866.000,0.000,6.424970
1876.000,0.000,6.439572
1886.000,0.000,6.453952
1896.000,0.000,6.468114
1906.000,0.000,6.482064
1916.000,0.000,6.495805
1926.000,0.000,6.509343
1936.000,0.000,6.522682
1946.000,0.000,6.535826
1956.000,0.000,6.548779
1966.000,0.000,6.561545
1976.000,0.000,6.574129
1986.000,0.000,6.586533
1996.000,0.000,6.598761
2006.000,0.000,6.610817
2016.000,0.000,6.622705
2026.000,0.000,6.634428
2036.000,0.000,6.645988
2046.000,0.000,6.657390
2056.000,0.000,6.668637
2066.000,0.000,6.679731
2076.000,0.000,6.690675
2086.000,0.000,6.701473
2096.000,0.000,6.712126
2106.000,0.000,6.722639
2116.000,0.000,6.733013
2126.000,0.000,6.743251
2136.000,0.000,6.753356
2146.000,0.000,6.763329
2156.000,0.000,6.773175
2166.000,0.000,6.782894
2176.000,0.000,6.792489
2186.000,0.000,6.801963
2196.000,0.000,6.811318
2206.000,0.000,6.820555
2216.000,0.000,6.829677
2226.000,0.000,6.838685
2236.000,0.000,6.847583
2246.000,0.000,6.856372
2256.000,0.000,6.865053
2266.000,0.000,6.873628
2276.000,0.000,6.882100
2286.000,0.000,6.890471
2296.000,0.000,6.898741
2306.000,0.000,6.906912
2316.000,0.000,6.914987
2326.000,0.000,6.922966
2336.000,0.000,6.930852
2346.000,0.000,6.938646
2356.000,0.000,6.946350
2366.000,0.000,6.953964
2376.000,0.000,6.961491
2386.000,0.000,6.968932
2396.000,0.000,6.976288
2406.000,0.000,6.983560
2416.000,0.000,6.990750
2426.000,0.000,6.997860
2436.000,0.000,7.004890
2446.000,0.000,7.011842
2456.000,0.000,7.018716
2466.000,0.000,7.025515
2476.000,0.000,7.032240
2486.000,0.000,7.038890
2496.000,0.000,7.045469
2506.000,0.000,7.051976
2516.000,0.000,7.058413
2526.000,0.000,7.064780
2536.000,0.000,7.071080
2546.000,0.000,7.077313
2556.000,0.000,7.083479
2566.000,0.000,7.089580
2576.000,0.000,7.095618
2586.000,0.000,7.101592
2596.000,0.000,7.107504
2606.000,0.000,7.113354
2616.000,0.000,7.119144
2626.000,0.000,7.124875
2636.000,0.000,7.130546
2646.000,0.000,7.136160
2656.000,0.000,7.141717
2666.000,0.000,7.147218
2676.000,0.000,7.152663
2686.000,0.000,7.158053
2696.000,0.000,7.163389
2706.000,0.000,7.168673
2716.000,0.000,7.173904
2726.000,0.000,7.179083
2736.000,0.000,7.184211
2746.000,0.000,7.189289
2756.000,0.000,7.194317
2766.000,0.000,7.199296
2776.000,0.000,7.204228
2786.000,0.000,7.209111
2796.000,0.000,7.213948
2806.000,0.000,7.218738
2816.000,0.000,7.223482
2826.000,0.000,7.228182
2836.000,0.000,7.232836
2846.000,0.000,7.237447
2856.000,0.000,7.242015
2866.000,0.000,7.246539
2876.000,0.000,7.251022
2886.000,0.000,7.255463
2896.000,0.000,7.259862
2906.000,0.000,7.264221
2916.000,0.000,7.268540
2926.000,0.000,7.272820
2936.000,0.000,7.277060
2946.000,0.000,7.281261
2956.000,0.000,7.285425
2966.000,0.000,7.289551
2976.000,0.000,7.293640
2986.000,0.000,7.297692
2996.000,0.000,7.301707
3006.000,0.000,7.305687
3016.000,0.000,7.309632
3026.000,0.000,7.313542
3036.000,0.000,7.317417
3046.000,0.000,7.321258
3056.000,0.000,7.325066
3066.000,0.000,7.328840
3076.000,0.000,7.332582
3086.000,0.000,7.336291
3096.000,0.000,7.339968
3106.000,0.000,7.343613
3116.000,0.000,7.347227
3126.000,0.000,7.350810
3136.000,0.000,7.354363
3146.000,0.000,7.357885
3156.000,0.000,7.361377
3166.000,0.000,7.364840
3176.000,0.000,7.368274
3186.000,0.000,7.371679
3196.000,0.000,7.375056
3206.000,0.000,7.378404
3216.000,0.000,7.381725
3226.000,0.000,7.385018
3236.000,0.000,7.388283
3246.000,0.000,7.391522
3256.000,0.000,7.394735
3266.000,0.000,7.397921
3276.000,0.000,7.401081
3286.000,0.000,7.404215
3296.000,0.000,7.407324
3306.000,0.000,7.410408
3316.000,0.000,7.413467
3326.000,0.000,7.416502
3336.000,0.000,7.419512
3346.000,0.000,7.422498
3356.000,0.000,7.425460
3366.000,0.000,7.428399
3376.000,0.000,7.431315
3386.000,0.000,7.434207
3396.000,0.000,7.437077
3406.000,0.000,7.439924
3416.000,0.000,7.442749
3426.000,0.000,7.445552
3436.000,0.000,7.448334
3446.000,0.000,7.451094
3456.000,0.000,7.453832
3466.000,0.000,7.456549
3476.000,0.000,7.459246
3486.000,0.000,7.461921
3496.000,0.000,7.464577
3506.000,0.000,7.467212
3516.000,0.000,7.469827
3526.000,0.000,7.472422
3536.000,0.000,7.474998
3546.000,0.000,7.477554
3556.000,0.000,7.480092
3566.000,0.000,7.482610
3576.000,0.000,7.485109
3586.000,0.000,7.487590
3596.000,0.000,7.490052
3606.000,0.000,7.492496
3616.000,0.000,7.494922
3626.000,0.000,7.497330
3636.000,0.000,7.499721
3646.000,0.000,7.502094
3656.000,0.000,7.504449
3666.000,0.000,7.506788
3676.000,0.000,7.509109
3686.000,0.000,7.511414
3696.000,0.000,7.513702
3706.000,0.000,7.515974
3716.000,0.000,7.518229
3726.000,0.000,7.520468
3736.000,0.000,7.522691
3746.000,0.000,7.524898
3756.000,0.000,7.527090
3766.000,0.000,7.529265
3776.000,0.000,7.531426
3786.000,0.000,7.533571
3796.000,0.000,7.535702
3806.000,0.000,7.537817
3816.000,0.000,7.539917
3826.000,0.000,7.542003
3836.000,0.000,7.544074
3846.000,0.000,7.546131
3856.000,0.000,7.548174
3866.000,0.000,7.550202
3876.000,0.000,7.552217
3886.000,0.000,7.554218
3896.000,0.000,7.556205
3906.000,0.000,7.558178
3916.000,0.000,7.560138
3926.000,0.000,7.562085
3936.000,0.000,7.564018
3946.000,0.000,7.565938
3956.000,0.000,7.567845
3966.000,0.000,7.569740
3976.000,0.000,7.571622
3986.000,0.000,7.573491
3996.000,0.000,7.575347
4006.000,0.000,7.577191
4016.000,0.000,7.579023
4026.000,0.000,7.580843
4036.000,0.000,7.582651
4046.000,0.000,7.584447
4056.000,0.000,7.586230
4066.000,0.000,7.588003
4076.000,0.000,7.589763
4086.000,0.000,7.591512
4096.000,0.000,7.593250
4106.000,0.000,7.594976
4116.000,0.000,7.596691
4126.000,0.000,7.598395
4136.000,0.000,7.600088
4146.000,0.000,7.601770
4156.000,0.000,7.603441
4166.000,0.000,7.605102
4176.000,0.000,7.606751
4186.000,0.000,7.608391
4196.000,0.000,7.610019
4206.000,0.000,7.611638
4216.000,0.000,7.613246
4226.000,0.000,7.614844
4236.000,0.000,7.616432
4246.000,0.000,7.618010
4256.000,0.000,7.619578
4266.000,0.000,7.621136
4276.000,0.000,7.622684
4286.000,0.000,7.624223
4296.000,0.000,7.625752
4306.000,0.000,7.627271
4316.000,0.000,7.628782
4326.000,0.000,7.630282
4336.000,0.000,7.631774
4346.000,0.000,7.633256
4356.000,0.000,7.634729
4366.000,0.000,7.636194
4376.000,0.000,7.637649
4386.000,0.000,7.639095
4396.000,0.000,7.640532
4406.000,0.000,7.641961
4416.000,0.000,7.643381
4426.000,0.000,7.644793
4436.000,0.000,7.646196
4446.000,0.000,7.647590
4456.000,0.000,7.648976
4466.000,0.000,7.650354
4476.000,0.000,7.651724
4486.000,0.000,7.653085
4496.000,0.000,7.654438
4506.000,0.000,7.655783
4516.000,0.000,7.657120
4526.000,0.000,7.658450
4536.000,0.000,7.659771
4546.000,0.000,7.661085
4556.000,0.000,7.662390
4566.000,0.000,7.663689
4576.000,0.000,7.664979
4586.000,0.000,7.666262
4596.000,0.000,7.667538
4606.000,0.000,7.668806
4616.000,0.000,7.670066
4626.000,0.000,7.671320
4636.000,0.000,7.672566
4646.000,0.000,7.673805
4656.000,0.000,7.675037
4666.000,0.000,7.676261
4676.000,0.000,7.677479
4686.000,0.000,7.678690
4696.000,0.000,7.679893
4706.000,0.000,7.681090
4716.000,0.000,7.682280
4726.000,0.000,7.683464
4736.000,0.000,7.684640
4746.000,0.000,7.685810
4756.000,0.000,7.686974
4766.000,0.000,7.688130
4776.000,0.000,7.689281
4786.000,0.000,7.690424
4796.000,0.000,7.691562
4806.000,0.000,7.692693
4816.000,0.000,7.693817
4826.000,0.000,7.694936
4836.000,0.000,7.696048
4846.000,0.000,7.697154
4856.000,0.000,7.698254
4866.000,0.000,7.699348
4876.000,0.000,7.700436
4886.000,0.000,7.701517
4896.000,0.000,7.702593
4906.000,0.000,7.703663
4916.000,0.000,7.704727
4926.000,0.000,7.705786
4936.000,0.000,7.706838
4946.000,0.000,7.707885
4956.000,0.000,7.708926
4966.000,0.000,7.709961
4976.000,0.000,7.710991
4986.000,0.000,7.712015
4996.000,0.000,7.713034
