x_m,p_kinematic_m2ps2,cp,ux_mps
0.0025,-23.19450304,-0.4638900608,0.05048144515
0.0075,-23.20469441,-0.4640938882,0.1679665026
0.0125,-23.23167639,-0.4646335278,0.259616493
0.0175,-23.24919313,-0.4649838626,0.2938946279
0.0225,-23.25083108,-0.4650166216,0.2679542152
0.0275,-23.24843649,-0.4649687298,0.2269582491
0.0325,-23.25364741,-0.4650729482,0.1960839551
0.0375,-23.27005358,-0.4654010716,0.1520475658
0.0425,-23.30080262,-0.4660160524,0.03436468948
0.0475,-23.35886783,-0.4671773566,-0.1954341101
0.0525,-23.46620719,-0.4693241438,-0.5224139517
0.0575,-23.63307398,-0.4726614796,-0.8810012466
0.0625,-23.83831676,-0.4767663352,-1.214236338
0.0675,-24.0471962,-0.480943924,-1.49507542
0.0725,-24.23231263,-0.4846462526,-1.722560054
0.0775,-24.38101187,-0.4876202374,-1.905665595
0.0825,-24.4905735,-0.48981147,-2.054928971
0.0875,-24.56253514,-0.4912507028,-2.178857663
0.0925,-24.59938983,-0.4919877966,-2.283430226
0.0975,-24.60335377,-0.4920670754,-2.372605465
0.1025,-24.57616883,-0.4915233766,-2.448981056
0.1075,-24.51923802,-0.4903847604,-2.514307207
0.1125,-24.43373783,-0.4886747566,-2.569804976
0.1175,-24.32069449,-0.4864138898,-2.616334765
0.1225,-24.18105103,-0.4836210206,-2.654494303
0.1275,-24.01573728,-0.4803147456,-2.684680754
0.1325,-23.82579412,-0.4765158824,-2.707132437
0.1375,-23.61251966,-0.4722503932,-2.721953794
0.1425,-23.37731451,-0.4675462902,-2.729127772
0.1475,-23.12094965,-0.462418993,-2.728740956
0.1525,-22.84413192,-0.4568826384,-2.722397347
0.1575,-22.548413,-0.45096826,-2.711204282
0.1625,-22.2353766,-0.444707532,-2.695273164
0.1675,-21.90634567,-0.4381269134,-2.674875256
0.1725,-21.56268364,-0.4312536728,-2.650217476
0.1775,-21.20578018,-0.4241156036,-2.621522426
0.1825,-20.83704983,-0.4167409966,-2.589012753
0.1875,-20.457912,-0.40915824,-2.552913077
0.1925,-20.06977406,-0.4013954812,-2.513446155
0.1975,-19.6740156,-0.393480312,-2.470830827
0.2025,-19.27197907,-0.3854395814,-2.425281131
0.2075,-18.86496796,-0.3772993592,-2.377007701
0.2125,-18.45424224,-0.3690848448,-2.326219835
0.2175,-18.04101218,-0.3608202436,-2.2731295
0.2225,-17.62647055,-0.352529411,-2.217967044
0.2275,-17.21185735,-0.344237147,-2.161005365
0.2325,-16.798283,-0.33596566,-2.102523591
0.2375,-16.38614028,-0.3277228056,-2.042632965
0.2425,-15.97601655,-0.319520331,-1.981257529
0.2475,-15.56902759,-0.3113805518,-1.918613402
0.2525,-15.16599633,-0.3033199266,-1.85490409
0.2575,-14.76762622,-0.2953525244,-1.79029202
0.2625,-14.37453464,-0.2874906928,-1.724927293
0.2675,-13.98727063,-0.2797454126,-1.658950299
0.2725,-13.60632005,-0.272126401,-1.592493938
0.2775,-13.23210747,-0.2646421494,-1.525682966
0.2825,-12.86499841,-0.2572999682,-1.458633269
0.2875,-12.50530179,-0.2501060358,-1.391451807
0.2925,-12.15327488,-0.2430654976,-1.324238566
0.2975,-11.80913514,-0.2361827028,-1.257092436
0.3025,-11.47307179,-0.2294614358,-1.190117789
0.3075,-11.14523607,-0.2229047214,-1.123421503
0.3125,-10.82572644,-0.2165145288,-1.057102789
0.3175,-10.5145883,-0.210291766,-0.9912484325
0.3225,-10.21181998,-0.2042363996,-0.9259313563
0.3275,-9.917378916,-0.1983475783,-0.8612115429
0.3325,-9.631188873,-0.1926237775,-0.7971389667
0.3375,-9.353150644,-0.1870630129,-0.7337557415
0.3425,-9.083147318,-0.1816629464,-0.6710951325
0.3475,-8.821040904,-0.1764208181,-0.609179276
0.3525,-8.566680424,-0.1713336085,-0.5480270843
0.3575,-8.319912073,-0.1663982415,-0.4876488521
0.3625,-8.080581193,-0.1616116239,-0.4280537027
0.3675,-7.848534781,-0.1569706956,-0.3692706312
0.3725,-7.623617339,-0.1524723468,-0.3113360974
0.3775,-7.405661279,-0.1481132256,-0.2542782659
0.3825,-7.194486761,-0.1438897352,-0.1981082278
0.3875,-6.989905514,-0.1397981103,-0.1428440853
0.3925,-6.791727077,-0.1358345415,-0.08849654188
0.3975,-6.599756751,-0.131995135,-0.03511637032
0.4025,-6.413635924,-0.1282727185,0.01732470364
0.4075,-6.233146136,-0.1246629227,0.06893611766
0.4125,-6.058278149,-0.121165563,0.1197121484
0.4175,-5.888889232,-0.1177777846,0.1696015414
0.4225,-5.724784824,-0.1144956965,0.2185868672
0.4275,-5.565775772,-0.1113155154,0.2666739524
0.4325,-5.41168037,-0.1082336074,0.3138732672
0.4375,-5.262321629,-0.1052464326,0.3601971892
0.4425,-5.117527963,-0.1023505593,0.4056616979
0.4475,-4.977134386,-0.09954268772,0.4502843765
0.4525,-4.840982166,-0.09681964332,0.4940818699
0.4575,-4.708918628,-0.09417837256,0.5370691436
0.4625,-4.580796766,-0.09161593532,0.5792596722
0.4675,-4.456474701,-0.08912949402,0.6206660102
0.4725,-4.335815271,-0.08671630542,0.6613008215
0.4775,-4.218686083,-0.08437372166,0.7011778993
0.4825,-4.10495967,-0.0820991934,0.7403120187
0.4875,-3.994513123,-0.07989026246,0.778718146
0.4925,-3.887227979,-0.07774455958,0.8164110034
0.4975,-3.782990308,-0.07565980616,0.8534049885
0.5025,-3.681690696,-0.07363381392,0.8897141778
0.5075,-3.58322409,-0.0716644818,0.925352494
0.5125,-3.487489728,-0.06974979456,0.9603339814
0.5175,-3.394390991,-0.06788781982,0.994672716
0.5225,-3.30383492,-0.0660766984,1.028382514
0.5275,-3.215732001,-0.06431464002,1.061476844
0.5325,-3.129996169,-0.06259992338,1.093968897
0.5375,-3.046544751,-0.06093089502,1.125871394
0.5425,-2.965297879,-0.05930595758,1.15719703
0.5475,-2.886178606,-0.05772357212,1.18795521
0.5525,-2.80910511,-0.0561821022,1.218159732
0.5575,-2.733998385,-0.0546799677,1.247782202
0.5625,-2.660647828,-0.05321295656,1.276832738
0.5675,-2.589066337,-0.05178132674,1.305272589
0.5725,-2.519441649,-0.05038883298,1.333207911
0.5775,-2.451681964,-0.04903363928,1.360665355
0.5825,-2.385637021,-0.04771274042,1.387641109
0.5875,-2.32121823,-0.0464243646,1.414145207
0.5925,-2.258369907,-0.04516739814,1.44019447
0.5975,-2.197041516,-0.04394083032,1.465803425
0.6025,-2.137184324,-0.04274368648,1.490983733
0.6075,-2.078752823,-0.04157505646,1.515745651
0.6125,-2.02170407,-0.0404340814,1.540098614
0.6175,-1.965996747,-0.03931993494,1.564051414
0.6225,-1.911590934,-0.03823181868,1.587612408
0.6275,-1.858448189,-0.03716896378,1.610789701
0.6325,-1.806531549,-0.03613063098,1.633591245
0.6375,-1.755805476,-0.03511610952,1.656024869
0.6425,-1.706235796,-0.03412471592,1.678098282
0.6475,-1.657789624,-0.03315579248,1.699819059
0.6525,-1.610435293,-0.03220870586,1.721194626
0.6575,-1.564142327,-0.03128284654,1.742232269
0.6625,-1.51888142,-0.0303776284,1.762939147
0.6675,-1.474624405,-0.0294924881,1.78332229
0.6725,-1.431344199,-0.02862688398,1.803388601
0.6775,-1.389014756,-0.02778029512,1.823144842
0.6825,-1.347611005,-0.0269522201,1.842597631
0.6875,-1.307108825,-0.0261421765,1.861753448
0.6925,-1.267485033,-0.02534970066,1.88061865
0.6975,-1.228717365,-0.0245743473,1.899199477
0.7025,-1.190784453,-0.02381568906,1.917502065
0.7075,-1.153665793,-0.02307331586,1.935532442
0.7125,-1.117341721,-0.02234683442,1.953296539
0.7175,-1.08179339,-0.0216358678,1.970800193
0.7225,-1.047002775,-0.0209400555,1.988049165
0.7275,-1.012952674,-0.02025905348,2.005049156
0.7325,-0.9796267178,-0.01959253436,2.021805824
0.7375,-0.9470093521,-0.01894018704,2.038324789
0.7425,-0.9150858165,-0.01830171633,2.054611631
0.7475,-0.8838420907,-0.01767684181,2.070671876
0.7525,-0.8532648252,-0.0170652965,2.08651097
0.7575,-0.8233412585,-0.01646682517,2.102134254
0.7625,-0.7940591274,-0.01588118255,2.117546928
0.7675,-0.7654065818,-0.01530813164,2.132754029
0.7725,-0.7373721195,-0.01474744239,2.14776041
0.7775,-0.7099445458,-0.01419889092,2.162570738
0.7825,-0.6831129522,-0.01366225904,2.177189498
0.7875,-0.6568667043,-0.01313733409,2.191620997
0.7925,-0.6311954373,-0.01262390875,2.205869381
0.7975,-0.6060890553,-0.01212178111,2.219938644
0.8025,-0.5815377319,-0.01163075464,2.233832641
0.8075,-0.5575319101,-0.0111506382,2.247555092
0.8125,-0.5340623019,-0.01068124604,2.2611096
0.8175,-0.5111198868,-0.01022239774,2.274499651
0.8225,-0.4886959094,-0.009773918188,2.287728622
0.8275,-0.4667818767,-0.009335637534,2.300799787
0.8325,-0.4453695549,-0.008907391098,2.313716319
0.8375,-0.4244509659,-0.008489019318,2.326481298
0.8425,-0.4040183841,-0.008080367682,2.339097708
0.8475,-0.3840643344,-0.007681286688,2.351568449
0.8525,-0.3645815907,-0.007291631814,2.363896335
0.8575,-0.3455631766,-0.006911263532,2.376084104
0.8625,-0.3270023685,-0.00654004737,2.388134419
0.8675,-0.3088927003,-0.006177854006,2.400049881
0.8725,-0.2912279734,-0.005824559468,2.411833033
0.8775,-0.2740022688,-0.005480045376,2.423486375
0.8825,-0.2572099656,-0.005144199312,2.435012372
0.8875,-0.240845765,-0.0048169153,2.446413472
0.8925,-0.2249047212,-0.004498094424,2.457692122
0.8975,-0.2093822826,-0.004187645652,2.468850788
0.9025,-0.194274344,-0.00388548688,2.479891985
0.9075,-0.1795773144,-0.003591546288,2.490818302
0.9125,-0.1652882055,-0.00330576411,2.501632447
0.9175,-0.1514047476,-0.003028094952,2.512337291
0.9225,-0.1379255452,-0.002758510904,2.522935936
0.9275,-0.1248502851,-0.002497005702,2.533431804
0.9325,-0.1121800324,-0.002243600648,2.543828744
0.9375,-0.09991762399,-0.00199835248,2.554131221
0.9425,-0.08806832023,-0.001761366405,2.56434448
0.9475,-0.07664050163,-0.001532810033,2.57447515
0.9525,-0.06564763238,-0.001312952648,2.584530971
0.9575,-0.05510836249,-0.00110216725,2.594524298
0.9625,-0.04505659641,-0.0009011319282,2.60446487
0.9675,-0.03552559624,-0.0007105119248,2.614390188
0.9725,-0.02662909108,-0.0005325818216,2.624279094
0.9775,-0.01834889352,-0.0003669778704,2.634350948
0.9825,-0.01132124474,-0.0002264248948,2.644149262
0.9875,-0.004470457842,-8.940915684e-05,2.655509738
0.9925,-0.00284340686,-5.68681372e-05,2.663363467
0.9975,0.008038994753,0.0001607798951,2.683365983
