ref,kind,x_mm,y_mm,height_mm,keepout_radius_mm,role
U1,RFIC,0.000,0.000,0.900,8.000,component_keepout
Y1,TCXO,-18.000,12.000,2.000,5.000,component_keepout
J1,UFL_ANT,32.000,0.000,2.400,7.000,connector_window
J2,MEZZ_CONN,-32.000,-12.000,3.800,9.000,connector_window
TP1,TEST_PAD,12.000,-18.000,0.200,3.000,access_bore
MH1,MOUNTING_HOLE,-30.000,-18.000,0.000,1.300,standoff_axis
MH2,MOUNTING_HOLE,30.000,-18.000,0.000,1.300,standoff_axis
MH3,MOUNTING_HOLE,-30.000,18.000,0.000,1.300,standoff_axis
MH4,MOUNTING_HOLE,30.000,18.000,0.000,1.300,standoff_axis
