radius_m,ux_mps,annulus_area_m2,mass_flow_kgps
0.00166508037,17.40998232,1.963495408e-05,0.0004187591493
0.00388518753,17.39446656,5.890486225e-05,0.001255157854
0.006327305406,17.36034228,9.817477042e-05,0.002087825832
0.008801139099,17.30848821,0.0001374446786,0.002914225509
0.01128554473,17.23900143,0.0001767145868,0.003731819192
0.01377475579,17.15178314,0.0002159844949,0.004538036043
0.01626655438,17.04653598,0.0002552544031,0.005330224124
0.0187599055,16.92269555,0.0002945243113,0.006105577933
0.02125426119,16.77933116,0.0003337942194,0.00686103359
0.02374930422,16.6150115,0.0003730641276,0.007593119344
0.02624483822,16.42761426,0.0004123340358,0.008297738996
0.02874073508,16.21403757,0.000451603944,0.00896984606
0.03123690774,15.96973545,0.0004908738521,0.009602928808
0.03373329491,15.68792631,0.0005301437603,0.0101881489
0.03622985219,15.35815834,0.0005694136685,0.01071280297
0.03872654667,14.96351064,0.0006086835766,0.01115735289
0.0412233534,14.47461316,0.0006479534848,0.01148912315
0.04372025315,13.83544171,0.000687223393,0.01164734801
0.04621723081,12.88594862,0.0007264933011,0.01146790531
0.04871427441,10.6048001,0.0007657632093,0.009947938054
