x_m,ux_mps,uy_mps
0.01,-0.0005043037424,0.01779050333
0.02,-0.001302149152,0.03475743371
0.03,-0.002477405278,0.05066548458
0.04,-0.004316431166,0.06499318788
0.05,-0.006439693419,0.07855956717
0.06,-0.008979662321,0.09094771431
0.07,-0.01190379709,0.1021287482
0.08,-0.01503795036,0.1126266395
0.09,-0.01852727759,0.1219078541
0.1,-0.02224481341,0.1303252725
0.11,-0.02611798531,0.1381452173
0.12,-0.03027182107,0.144777223
0.13,-0.03454619895,0.1508313397
0.14,-0.03894111894,0.1563075674
0.15,-0.04351411182,0.1607988961
0.16,-0.04815357828,0.1648670236
0.17,-0.05288404816,0.1683392488
0.18,-0.05770200887,0.1711079908
0.19,-0.06255907821,0.1735172493
0.2,-0.06747290283,0.1753350841
0.21,-0.07242042168,0.176656513
0.22,-0.07738664049,0.1776690229
0.23,-0.08237655017,0.1780985741
0.24,-0.08737165741,0.1781789362
0.25,-0.09237080718,0.1779877068
0.26,-0.09736483309,0.177211434
0.27,-0.1023515838,0.1761909454
0.28,-0.1073289808,0.1748564651
0.29,-0.1122837473,0.173050073
0.3,-0.1172248477,0.1710114563
0.31,-0.1221429949,0.1686102605
0.32,-0.1270313466,0.1658180552
0.33,-0.1319012563,0.1627979816
0.34,-0.1367342885,0.1593552704
0.35,-0.1415355442,0.1555857748
0.36,-0.1463141997,0.1515871808
0.37,-0.1510398424,0.1470931718
0.38,-0.1557340153,0.1423311544
0.39,-0.1603967183,0.1373011286
0.4,-0.1649933749,0.1317604446
0.41,-0.169555816,0.125978097
0.42,-0.1740685696,0.1198497166
0.43,-0.1785077802,0.113264683
0.44,-0.1829040386,0.1064320156
0.45,-0.187222355,0.09917259103
0.46,-0.1914580599,0.09151874029
0.47,-0.1956387541,0.08361370219
0.48,-0.1996972278,0.07520534489
0.49,-0.2036640495,0.06647492647
0.5,-0.2075595862,0.05749401609
0.51,-0.2112647262,0.04794848864
0.52,-0.2148725122,0.03816224568
0.53,-0.218355129,0.02806651135
0.54,-0.2216104529,0.01750879892
0.55,-0.2247387677,0.006729959375
0.56,-0.2276590975,-0.004390166708
0.57,-0.2303160744,-0.01585068573
0.58,-0.2328091764,-0.02749937968
0.59,-0.234972553,-0.03947181969
0.6,-0.2368443107,-0.05164940094
0.61,-0.2385077703,-0.06396513344
0.62,-0.2396713286,-0.07650686338
0.63,-0.2405323176,-0.08911601146
0.64,-0.2410907372,-0.1017925777
0.65,-0.2410104749,-0.1144761669
0.66,-0.2406026573,-0.1271066864
0.67,-0.2397198789,-0.139647976
0.68,-0.2381555858,-0.151931502
0.69,-0.2362053723,-0.1640264295
0.7,-0.2335692153,-0.1757340129
0.71,-0.2302571034,-0.1869330201
0.72,-0.2265077954,-0.1977777474
0.73,-0.2218488805,-0.2077607121
0.74,-0.2165837757,-0.2170419211
0.75,-0.2108471899,-0.2257773202
0.76,-0.2040196453,-0.2329915795
0.77,-0.1967228727,-0.2394200006
0.78,-0.1888228069,-0.2448380585
0.79,-0.1800339684,-0.2484530943
0.8,-0.1708322244,-0.2510919051
0.81,-0.1610014168,-0.252149685
0.82,-0.1505956961,-0.2513346997
0.83,-0.1398915813,-0.2494012909
0.84,-0.1287248561,-0.2453264864
0.85,-0.1173544345,-0.239564637
0.86,-0.1058591319,-0.2326233706
0.87,-0.09432388199,-0.2231742516
0.88,-0.08292373619,-0.212447786
0.89,-0.07165869454,-0.2004439739
0.9,-0.06095539932,-0.1862495841
0.91,-0.05063803503,-0.171149141
0.92,-0.04090147271,-0.1547820066
0.93,-0.03217375533,-0.1370837182
0.94,-0.02405754835,-0.1187802512
0.95,-0.0170774414,-0.09958281632
0.96,-0.01131980025,-0.07989514357
0.97,-0.006383805961,-0.05995707514
0.98,-0.00330967576,-0.03982608451
0.99,-0.00125743603,-0.01985201671
