y_m,ux_mps,uy_mps
0.01,-0.007350180632,4.045991566e-06
0.02,-0.01449215741,7.518624769e-06
0.03,-0.02136644351,1.025408293e-05
0.04,-0.02789641581,8.964970644e-06
0.05,-0.03427553909,4.922350651e-06
0.06,-0.04043100746,-3.91312129e-06
0.07,-0.04638670014,-1.771525286e-05
0.08,-0.05223562578,-3.391710585e-05
0.09,-0.05791045917,-5.334368774e-05
0.1,-0.06347987001,-7.229210019e-05
0.11,-0.06897794748,-9.048559055e-05
0.12,-0.07435482748,-0.0001016587745
0.13,-0.07968381133,-0.0001047768429
0.14,-0.08496489904,-9.983979565e-05
0.15,-0.0901821419,-7.002593728e-05
0.16,-0.09537779608,-2.405536522e-05
0.17,-0.100544563,4.607897286e-05
0.18,-0.1056867377,0.0001587677738
0.19,-0.1108181261,0.0002981603154
0.2,-0.1159341806,0.0004882032968
0.21,-0.1210385394,0.0007359740149
0.22,-0.1261350496,0.001022667439
0.23,-0.1312138345,0.001398140641
0.24,-0.1362754788,0.001840977145
0.25,-0.1413237916,0.002336207328
0.26,-0.1463241899,0.00296997367
0.27,-0.1512927475,0.003672612261
0.28,-0.156220367,0.004463800885
0.29,-0.1610559768,0.005408966737
0.3,-0.1658331331,0.00643665925
0.31,-0.1705106089,0.00759751757
0.32,-0.175044038,0.008915899287
0.33,-0.1794833384,0.01032885848
0.34,-0.1837228158,0.01192411961
0.35,-0.1877710842,0.0136669352
0.36,-0.19168143,0.01551356589
0.37,-0.1952438188,0.01758943264
0.38,-0.19858601,0.01978980004
0.39,-0.2017080035,0.02211466811
0.4,-0.2043498074,0.02467290942
0.41,-0.2067402532,0.02733811782
0.42,-0.2087651231,0.03015567436
0.43,-0.210256441,0.03316254925
0.44,-0.2114432625,0.0362671998
0.45,-0.2120859772,0.03953411077
0.46,-0.212186079,0.0429341175
0.47,-0.211933789,0.04641521466
0.48,-0.2109412518,0.05004045831
0.49,-0.2094459417,0.05373880733
0.5,-0.2075595862,0.05749401609
0.51,-0.204742149,0.06133887617
0.52,-0.2015062422,0.06520314568
0.53,-0.1977323029,0.06909237019
0.54,-0.1931102736,0.07297707918
0.55,-0.1880642708,0.07684300145
0.56,-0.1823520691,0.08066901213
0.57,-0.1759227748,0.08441000969
0.58,-0.1690797882,0.08809078503
0.59,-0.1614799346,0.09163339417
0.6,-0.153319533,0.09503402454
0.61,-0.1447693952,0.09833173134
0.62,-0.1354181496,0.1013633935
0.63,-0.1256631529,0.1042255057
0.64,-0.1155044052,0.1069180678
0.65,-0.1046335034,0.1092426738
0.66,-0.0934468232,0.1113764434
0.67,-0.08181297411,0.1132330365
0.68,-0.06962627173,0.1146900375
0.69,-0.05714676372,0.1159204958
0.7,-0.0441715834,0.1167479663
0.71,-0.03073967978,0.1171767193
0.72,-0.01701274518,0.1173467857
0.73,-0.002673804164,0.1169746918
0.74,0.01210180317,0.1162336009
0.75,0.02721703987,0.1152055126
0.76,0.04323856164,0.1134890415
0.77,0.05974211558,0.1114595966
0.78,0.07686542517,0.1090277569
0.79,0.09519221361,0.1059532014
0.8,0.1142341936,0.1025549219
0.81,0.1344713588,0.09864644595
0.82,0.1563573897,0.09418847108
0.83,0.1793097284,0.08941627106
0.84,0.2045010396,0.08407614928
0.85,0.231815969,0.07834096307
0.86,0.2606609733,0.07233611651
0.87,0.2933445394,0.06584194476
0.88,0.328423513,0.05916851202
0.89,0.3658978941,0.05231581831
0.9,0.4084369531,0.04533769891
0.91,0.4534934509,0.03840953287
0.92,0.5021829379,0.03157855859
0.93,0.5556486008,0.0251544746
0.94,0.6115769978,0.01904301895
0.95,0.6715870136,0.01358775505
0.96,0.7345954564,0.009005530888
0.97,0.7992842981,0.005034215829
0.98,0.8661954826,0.002561410734
0.99,0.9331002405,0.0009469174436
