x,y,z,hue
-5.400,-5.400,0.500,0.000
-4.200,-5.400,0.500,0.010
-3.000,-5.400,0.500,0.020
-1.800,-5.400,0.500,0.030
-0.600,-5.400,0.500,0.040
0.600,-5.400,0.500,0.050
1.800,-5.400,0.500,0.060
3.000,-5.400,0.500,0.070
4.200,-5.400,0.500,0.080
5.400,-5.400,0.500,0.090
-5.400,-4.200,0.500,0.100
-4.200,-4.200,0.500,0.110
-3.000,-4.200,0.500,0.120
-1.800,-4.200,0.500,0.130
-0.600,-4.200,0.500,0.140
0.600,-4.200,0.500,0.150
1.800,-4.200,0.500,0.160
3.000,-4.200,0.500,0.170
4.200,-4.200,0.500,0.180
5.400,-4.200,0.500,0.190
-5.400,-3.000,0.500,0.200
-4.200,-3.000,0.500,0.210
-3.000,-3.000,0.500,0.220
-1.800,-3.000,0.500,0.230
-0.600,-3.000,0.500,0.240
0.600,-3.000,0.500,0.250
1.800,-3.000,0.500,0.260
3.000,-3.000,0.500,0.270
4.200,-3.000,0.500,0.280
5.400,-3.000,0.500,0.290
-5.400,-1.800,0.500,0.300
-4.200,-1.800,0.500,0.310
-3.000,-1.800,0.500,0.320
-1.800,-1.800,0.500,0.330
-0.600,-1.800,0.500,0.340
0.600,-1.800,0.500,0.350
1.800,-1.800,0.500,0.360
3.000,-1.800,0.500,0.370
4.200,-1.800,0.500,0.380
5.400,-1.800,0.500,0.390
-5.400,-0.600,0.500,0.400
-4.200,-0.600,0.500,0.410
-3.000,-0.600,0.500,0.420
-1.800,-0.600,0.500,0.430
-0.600,-0.600,0.500,0.440
0.600,-0.600,0.500,0.450
1.800,-0.600,0.500,0.460
3.000,-0.600,0.500,0.470
4.200,-0.600,0.500,0.480
5.400,-0.600,0.500,0.490
-5.400,0.600,0.500,0.500
-4.200,0.600,0.500,0.510
-3.000,0.600,0.500,0.520
-1.800,0.600,0.500,0.530
-0.600,0.600,0.500,0.540
0.600,0.600,0.500,0.550
1.800,0.600,0.500,0.560
3.000,0.600,0.500,0.570
4.200,0.600,0.500,0.580
5.400,0.600,0.500,0.590
-5.400,1.800,0.500,0.600
-4.200,1.800,0.500,0.610
-3.000,1.800,0.500,0.620
-1.800,1.800,0.500,0.630
-0.600,1.800,0.500,0.640
0.600,1.800,0.500,0.650
1.800,1.800,0.500,0.660
3.000,1.800,0.500,0.670
4.200,1.800,0.500,0.680
5.400,1.800,0.500,0.690
-5.400,3.000,0.500,0.700
-4.200,3.000,0.500,0.710
-3.000,3.000,0.500,0.720
-1.800,3.000,0.500,0.730
-0.600,3.000,0.500,0.740
0.600,3.000,0.500,0.750
1.800,3.000,0.500,0.760
3.000,3.000,0.500,0.770
4.200,3.000,0.500,0.780
5.400,3.000,0.500,0.790
-5.400,4.200,0.500,0.800
-4.200,4.200,0.500,0.810
-3.000,4.200,0.500,0.820
-1.800,4.200,0.500,0.830
-0.600,4.200,0.500,0.840
0.600,4.200,0.500,0.850
1.800,4.200,0.500,0.860
3.000,4.200,0.500,0.870
4.200,4.200,0.500,0.880
5.400,4.200,0.500,0.890
-5.400,5.400,0.500,0.900
-4.200,5.400,0.500,0.910
-3.000,5.400,0.500,0.920
-1.800,5.400,0.500,0.930
-0.600,5.400,0.500,0.940
0.600,5.400,0.500,0.950
1.800,5.400,0.500,0.960
3.000,5.400,0.500,0.970
4.200,5.400,0.500,0.980
5.400,5.400,0.500,0.990
