face_index,yplus
0,42.99048179
1,20.75766698
2,28.89212746
3,25.52641056
4,28.9291033
5,37.50823375
6,39.65486081
7,39.65692873
8,38.76807646
9,42.74526284
10,42.746241
11,42.99063429
12,24.27976575
13,24.28473061
14,20.77763708
15,28.89052803
16,28.88923248
17,24.16682231
18,24.17151295
19,25.73261925
20,25.73582798
21,28.88906351
22,24.84198056
23,24.84516423
24,25.76293055
25,28.71663152
26,28.72035393
27,22.81084495
28,22.81293286
29,28.9329533
30,22.4285822
31,22.43100471
32,42.39834749
33,42.39881717
34,42.59474738
35,42.59530799
36,21.13366301
37,21.11155304
38,22.24269186
39,22.21828313
40,41.24017444
41,41.41077055
42,43.45767009
43,19.88223725
44,16.0775226
45,16.00677523
46,32.20407781
47,32.19246747
48,28.67244018
49,25.73055591
50,26.11098294
51,25.9431637
52,24.47639331
53,24.78238971
54,28.95288509
55,19.07832018
56,19.13902596
57,38.0763772
58,38.22987844
59,12.73451104
60,12.76773693
61,41.5383092
62,42.19785564
63,37.78331289
64,26.67922793
65,26.19456592
66,40.02683652
67,42.04007705
68,42.58183514
69,42.10657272
70,42.79318144
71,40.02815892
72,42.03967953
73,42.58256668
74,26.61166879
75,25.94183396
76,39.02874917
77,29.89919855
78,29.42365615
79,26.61264249
80,25.94275843
81,38.28965965
82,40.59587767
83,40.82028805
84,38.17099391
85,38.28960277
86,40.59558813
87,40.82052913
88,43.32668094
89,41.24006302
90,41.41112225
91,43.32832429
92,43.45881596
93,22.23886502
94,22.22116783
95,11.08341011
96,11.18654789
97,19.8337202
98,11.36602625
99,11.17851558
100,11.50965422
101,11.23910787
102,11.23674491
103,12.84989591
104,32.81120671
105,32.88669399
106,35.32333553
107,35.42379551
108,32.81112825
109,32.88692063
110,19.69617927
111,16.08242998
112,16.00204431
113,19.70908558
114,19.75019511
115,28.85915703
116,32.20519647
117,32.19301014
118,28.85949335
119,24.56396439
120,24.5656013
121,25.73905747
122,27.08202728
123,26.93720709
124,27.03355592
125,27.06695671
126,25.73917971
127,27.07896086
128,26.93663127
129,28.672219
130,25.00226918
131,25.00253759
132,27.1161702
133,27.14231245
134,25.76583991
135,27.01497038
136,27.01824163
137,27.12084824
138,27.14347603
139,28.74455054
140,28.7443881
141,23.37058068
142,23.37354108
143,32.19484927
144,32.20217525
145,28.95273073
146,32.19429914
147,32.2024597
148,23.18484752
149,23.18779871
150,32.83019432
151,35.28784081
152,19.08357978
153,38.07689389
154,38.23022541
155,40.42397692
156,40.70492668
157,43.00829213
158,43.00817746
159,43.08150176
160,43.08146332
161,21.68097384
162,21.67959033
163,23.55586431
164,23.5443173
165,12.74818002
166,43.40756222
167,42.73683916
168,24.17930127
169,20.4062
170,37.36609492
171,36.47984908
172,37.40447301
173,36.52221593
174,28.6627459
175,27.93689944
176,29.2766616
177,28.93441629
178,29.29887175
179,42.90168655
180,43.28435465
181,42.90181261
182,43.28440209
183,42.72128245
184,43.40752612
185,42.7367619
186,23.28714398
187,24.25491457
188,23.29749293
189,24.27539387
190,24.17703667
191,20.42554972
192,37.36536455
193,36.47912701
194,37.40375895
195,36.52114831
196,13.79071666
197,14.81414906
198,13.7956922
199,14.82172765
200,13.6815947
201,29.28264339
202,28.91061394
203,29.28351336
204,28.90968526
205,23.75256708
206,24.21104295
207,23.60482086
208,23.75607859
209,24.21648544
210,28.66039217
211,27.93311595
212,24.71808695
213,25.01886616
214,24.72095619
215,25.01225523
216,28.71573856
217,27.99009533
218,28.71878368
219,27.9935796
220,22.84585725
221,23.01677484
222,22.84764554
223,23.01919248
224,29.27980164
225,28.93744284
226,22.23188201
227,22.5015373
228,22.23408307
229,22.50296347
230,36.4102021
231,37.29668213
232,36.40870341
233,37.29605565
234,36.44105457
235,37.33273797
236,16.22945599
237,15.54976142
238,16.21412194
239,15.55481012
240,42.5758127
241,42.93656667
242,42.37423319
243,42.57523687
244,42.93616868
245,43.01462088
246,42.27048571
247,43.01430746
248,42.27133943
249,21.36709688
250,21.78338135
251,21.36258771
252,21.76046072
253,24.80483827
254,22.86656275
255,23.98759104
256,24.78556456
257,22.8408777
258,41.86086337
259,31.01625229
260,30.83647686
261,19.06663513
262,18.33108086
263,12.71565306
264,12.96653587
265,40.77869617
266,40.06400456
267,39.22624372
268,40.77981852
269,40.06307147
270,41.86184566
271,42.43433738
272,42.58296479
273,42.203434
274,22.82194346
275,13.94340023
276,13.96584031
277,11.86217071
278,11.6395828
279,12.24997601
280,11.83512242
281,11.64473995
282,12.25074934
283,32.82423484
284,33.10075718
285,34.66059466
286,32.82419338
287,33.10151683
288,18.86410286
289,17.18955024
290,19.69016813
291,18.87930081
292,31.01759394
293,21.78434014
294,22.30728587
295,22.41251338
296,21.79480337
297,22.42047792
298,25.4791731
299,27.63699255
300,27.64055305
301,23.78400485
302,23.78440568
303,31.03831152
304,31.03979869
305,20.32120635
306,20.33324068
307,32.82606417
308,33.10834776
309,34.63492624
310,33.10790004
311,18.33905947
312,17.71897425
313,39.92236822
314,40.63454745
315,39.92410025
316,41.6956089
317,42.18581403
318,41.69602022
319,41.64174269
320,21.27758092
321,12.61505396
322,12.64639259
323,12.98456559
324,41.88376123
325,43.43721744
326,43.21053245
327,23.87223314
328,20.09641978
329,23.70363825
330,37.48297742
331,36.59460562
332,30.95859685
333,30.71907546
334,30.75056704
335,28.67432912
336,27.98741491
337,27.63812918
338,29.22456704
339,28.94241799
340,29.21673679
341,18.32992062
342,19.1139715
343,13.16175521
344,12.7516903
345,40.18121327
346,40.81300441
347,39.33330647
348,40.18134825
349,40.81388788
350,42.92866224
351,43.31337129
352,42.94664934
353,41.88473331
354,42.60827193
355,42.92905328
356,43.31382827
357,43.43774394
358,43.21184493
359,22.58698007
360,24.16120939
361,22.42061336
362,22.60898098
363,24.15171784
364,15.0912986
365,23.86689107
366,20.09277458
367,15.120747
368,11.29647979
369,11.2903731
370,34.77956716
371,33.18896775
372,32.87362957
373,33.19064353
374,32.87429106
375,37.48385389
376,36.59613901
377,13.45923968
378,14.65177954
379,13.45377333
380,14.64495742
381,13.50661491
382,14.65948937
383,18.86069631
384,18.86176243
385,19.73332397
386,29.19262697
387,28.87645972
388,30.95959613
389,30.7193763
390,30.75153424
391,29.19376212
392,28.87621988
393,29.1529836
394,21.98827093
395,22.64101787
396,24.13380599
397,24.464144
398,24.3670492
399,21.99410272
400,24.13747791
401,24.46741562
402,28.67309831
403,27.98721258
404,24.91787497
405,25.36506181
406,25.89360336
407,24.92060485
408,25.36136481
409,25.88772819
410,28.73453364
411,28.01315903
412,28.73624487
413,28.01314173
414,27.65766595
415,23.22121246
416,23.54459319
417,23.22067888
418,23.54373745
419,30.98920482
420,29.22686289
421,28.94403239
422,30.99173293
423,22.52687973
424,22.98867639
425,22.69627683
426,20.39029377
427,22.52854415
428,22.98776903
429,20.39742501
430,33.16461067
431,32.86207986
432,34.71854011
433,33.16421749
434,32.86209686
435,36.51219178
436,37.42047226
437,37.39316024
438,36.48600564
439,36.51082329
440,37.42016891
441,36.48564801
442,37.39319954
443,16.53154952
444,15.84722962
445,15.75103046
446,16.5334069
447,15.85178792
448,16.45207412
449,15.75960766
450,18.33246846
451,19.11682695
452,40.08558172
453,40.68906644
454,40.0858747
455,40.68892169
456,41.73367417
457,42.42996241
458,42.61794853
459,42.9815251
460,41.73332681
461,42.41550396
462,42.61776965
463,42.98154062
464,43.05085665
465,42.75251484
466,42.12531816
467,43.05097405
468,42.7523355
469,21.54099101
470,22.58103456
471,21.53068464
472,22.56849951
473,25.36536052
474,23.34331695
475,12.52514663
476,25.34736533
477,23.32073272
478,12.54821673
479,14.47686785
480,13.16423502
481,38.76491217
482,25.75922454
483,25.61617127
484,25.62031713
485,25.52699072
486,38.63222516
487,38.62965871
488,37.50519948
489,42.613538
490,42.43405619
491,42.10662326
492,42.20339914
493,42.79184363
494,42.66101708
495,39.0254235
496,29.88879071
497,29.41693199
498,38.17162927
499,35.32385806
500,35.42300809
501,20.7030815
502,19.75132484
503,20.73663664
504,27.0370155
505,27.64772717
506,27.06729599
507,25.76618749
508,27.0099427
509,27.01807306
510,17.10567366
511,17.71706765
512,16.82728038
513,17.51587361
514,40.42234782
515,41.06772048
516,40.70525764
517,41.29180371
518,14.47836008
519,13.80332945
520,14.47351645
521,39.22521794
522,39.33332785
523,42.61363408
524,42.66226398
525,22.80878902
526,22.42258637
527,23.27710175
528,11.22402383
529,12.83900271
530,12.40375435
531,11.75262951
532,12.39873537
533,11.74297121
534,34.66100358
535,34.78033325
536,17.18929245
537,17.14657631
538,17.14099486
539,30.83723893
540,22.76594229
541,20.73961964
542,20.74369134
543,22.76759689
544,22.30352202
545,27.64475511
546,27.63789837
547,25.50406222
548,25.97321157
549,25.8847944
550,26.19438363
551,25.71124439
552,26.10806601
553,25.97932787
554,25.89847811
555,26.19476497
556,27.65719135
557,24.1362578
558,24.48693299
559,24.21849963
560,25.9451682
561,24.47832932
562,24.78114372
563,24.13739066
564,24.48731276
565,24.2167714
566,30.87978986
567,32.83148029
568,32.87344463
569,32.87324555
570,19.74397337
571,19.71370928
572,19.74851536
573,19.71086071
574,19.14230261
575,21.24007437
576,35.2881905
577,35.35695474
578,34.63498573
579,35.356347
580,34.71810241
581,15.16913566
582,17.10588731
583,14.48635619
584,16.83340104
585,15.17474007
586,17.52075894
587,39.13592677
588,39.28118288
589,39.13690075
590,39.28159055
591,41.06854095
592,41.29104188
593,42.42923761
594,42.18675388
595,41.64190195
596,39.01131175
597,41.36768031
598,41.89044941
599,41.5371034
600,42.19748654
601,42.12508818
602,39.01135095
603,41.36629425
604,41.88992504
605,22.44454845
606,21.31790246
607,21.53903252
608,22.60355235
609,37.78478518
610,26.67507659
611,26.20224164
612,22.45146221
613,21.5502591
614,22.58970114
615,12.34279956
616,12.34579756
617,17.73544308
618,12.36109093
619,12.34600114
620,12.76894735
621,17.75119491
622,19.52446417
623,13.81075878
624,43.13584226
625,38.9238593
626,36.51986416
627,36.49111319
628,24.1391996
629,27.97709917
630,25.76293824
631,25.80443739
632,25.79996518
633,42.72018385
634,39.91404969
635,40.34755088
636,40.62312548
637,43.13878202
638,39.9238558
639,40.34887217
640,40.63171653
641,24.22416935
642,38.93300853
643,36.52575074
644,36.50161406
645,24.23311231
646,24.14471674
647,14.70198403
648,13.6740478
649,14.7159247
650,29.32061098
651,29.32159738
652,23.60638834
653,25.74234952
654,25.76616968
655,25.77629968
656,27.97438535
657,25.74420189
658,25.76683356
659,25.77669396
660,25.08746264
661,25.66076531
662,25.52188054
663,25.59970154
664,25.08190012
665,25.66915201
666,25.54286741
667,25.61838187
668,27.98986736
669,25.76551669
670,25.80868401
671,25.80289765
672,27.99285584
673,25.62521858
674,24.88597059
675,24.97787383
676,23.12801835
677,25.62381192
678,24.88643237
679,24.97893596
680,23.12829564
681,29.30332792
682,22.27083141
683,22.27205774
684,37.33279118
685,36.44151439
686,16.23599895
687,15.62971808
688,16.22591215
689,15.64857405
690,42.3746056
691,42.67076052
692,38.86838077
693,39.34182267
694,39.60269036
695,42.67035402
696,38.86798705
697,39.33976174
698,39.60242007
699,37.63219513
700,34.76256147
701,34.67624216
702,22.20584302
703,37.63144983
704,34.75814157
705,34.6755981
706,22.19223102
707,23.96440344
708,42.58258608
709,41.7229356
710,41.61231204
711,41.72508087
712,42.59301878
713,42.71362135
714,33.1781319
715,29.31346888
716,32.8462364
717,25.76155563
718,22.93807972
719,25.33709409
720,25.01233219
721,25.98778614
722,37.63420573
723,38.21001013
724,37.67414234
725,35.6230341
726,35.65403474
727,30.81821089
728,31.02996362
729,31.54807082
730,31.57266432
731,19.67916309
732,20.59723642
733,21.09491057
734,21.10867288
735,27.63979672
736,27.06922473
737,26.21002701
738,27.00370004
739,26.20610632
740,29.59715115
741,30.18720252
742,30.15609156
743,29.63488204
744,18.30363772
745,17.97030136
746,17.6275123
747,16.99903671
748,18.04444915
749,40.6334372
750,41.24120611
751,13.92020011
752,14.56652736
753,13.22333822
754,12.97627235
755,13.26425867
756,40.09974983
757,39.89849374
758,39.25556141
759,39.93175129
760,40.10085713
761,39.89737125
762,39.25608849
763,39.93272307
764,42.90734707
765,42.7711
766,42.92497342
767,42.76928074
768,41.39248988
769,41.72310488
770,41.72625981
771,42.90731145
772,42.77185247
773,42.9252557
774,42.77024489
775,41.39327725
776,41.61198211
777,41.29943447
778,42.50331358
779,41.64783571
780,42.59648097
781,42.71798186
782,41.30005678
783,42.50886824
784,41.65504655
785,22.49186024
786,25.86849498
787,33.1874526
788,29.32430315
789,32.85873587
790,22.49401076
791,25.87455435
792,22.90787798
793,12.88389231
794,11.74843667
795,11.53106195
796,11.88240779
797,25.75782574
798,22.94234512
799,25.33082073
800,25.01343211
801,25.97729633
802,22.91743153
803,12.91861464
804,11.23045745
805,11.86935766
806,11.7398716
807,10.8916319
808,11.42817303
809,11.429916
810,12.07612784
811,12.66070133
812,10.88741046
813,11.42320107
814,11.43186749
815,12.07744805
816,34.70165549
817,33.8138105
818,35.35520982
819,33.77229222
820,33.11916844
821,34.70085385
822,33.8128115
823,35.35457965
824,33.77202867
825,33.11855606
826,37.63346964
827,38.20955612
828,37.673409
829,35.62240129
830,35.6526561
831,13.16796474
832,13.00508045
833,15.27354952
834,16.04954863
835,15.22472351
836,13.17806096
837,12.67011055
838,13.01500602
839,15.28629081
840,16.05295503
841,15.23300813
842,17.1558216
843,18.82873185
844,18.0338999
845,18.06166706
846,17.1568958
847,18.83860656
848,18.04074922
849,18.06971569
850,32.15966752
851,29.59156013
852,30.13946768
853,30.12465849
854,29.61432432
855,30.81926917
856,31.0309949
857,31.54952032
858,31.57422555
859,32.16090161
860,29.59287795
861,30.13988582
862,30.12589044
863,29.61476671
864,21.6927254
865,23.27456653
866,22.81689467
867,22.93178525
868,23.12418982
869,20.63301347
870,21.68626382
871,21.13527301
872,21.15788051
873,23.28345676
874,22.82746846
875,22.94388756
876,23.13040686
877,26.12766491
878,26.9218198
879,26.14718237
880,27.63713814
881,27.06611451
882,26.12607844
883,26.91903459
884,26.14584841
885,25.57851434
886,25.7855457
887,25.49948408
888,25.84066473
889,25.59707404
890,25.5590418
891,25.77483303
892,25.53012761
893,25.85370869
894,25.62147859
895,27.64047242
896,27.12364557
897,26.2154883
898,27.0073622
899,26.21003359
900,27.64295976
901,27.12664348
902,24.57888952
903,24.48632681
904,24.6572517
905,23.91789796
906,24.18384247
907,24.58068033
908,24.48615353
909,24.65804649
910,23.91816584
911,24.18472375
912,30.84611402
913,31.0667974
914,31.62187904
915,32.18906997
916,31.59383143
917,29.59984081
918,30.8817454
919,30.18971921
920,30.84742922
921,30.15801846
922,29.63801963
923,31.06806269
924,31.62191755
925,31.5944372
926,32.82587911
927,32.19029432
928,21.6811133
929,21.23707532
930,21.51396253
931,21.37200573
932,21.76869315
933,19.6555254
934,21.1445919
935,20.4333056
936,19.97619525
937,19.87450017
938,21.68162422
939,21.51210344
940,21.37055851
941,21.76955714
942,19.07450289
943,19.66031852
944,21.14648889
945,20.44545145
946,19.98253141
947,19.88189766
948,33.10833763
949,33.77651147
950,34.64773347
951,35.29631279
952,33.76470063
953,33.10793237
954,33.77567441
955,34.64695288
956,35.29584254
957,33.76521317
958,35.57693583
959,35.58901284
960,37.55796686
961,37.60045209
962,35.57525975
963,35.58872972
964,37.55778794
965,38.12747829
966,37.60132138
967,16.50192398
968,16.4138765
969,15.01197367
970,15.05822261
971,16.49774957
972,16.40626746
973,15.02681219
974,14.57657912
975,15.07513224
976,18.31322534
977,17.97780919
978,17.63077316
979,16.99989934
980,18.04911047
981,39.17864927
982,38.12739563
983,39.98041844
984,39.82504003
985,39.77151996
986,39.17930583
987,39.98154867
988,39.82597039
989,39.7729367
990,42.36879082
991,41.51402067
992,41.41879216
993,41.59399781
994,42.64600943
995,42.51013472
996,42.6764461
997,42.49690154
998,41.24144532
999,41.4184497
1000,42.36918073
1001,41.51469022
1002,41.59381473
1003,42.6460848
1004,42.51152992
1005,42.67686898
1006,42.49769047
1007,42.05081714
1008,42.11441516
1009,40.45758348
1010,41.80365549
1011,40.79036448
1012,42.04990904
1013,42.11366941
1014,40.45602975
1015,41.80326722
1016,40.79010606
1017,30.72590069
1018,25.87056784
1019,30.29685388
1020,22.44891407
1021,21.30956805
1022,30.71985038
1023,25.87679705
1024,30.29818257
1025,22.4012544
1026,21.32704132
1027,12.32918493
1028,25.59176963
1029,19.4706489
1030,23.88159981
1031,18.54458586
1032,23.73142885
1033,24.93717799
1034,12.7503793
1035,12.07225641
1036,12.00002867
1037,12.72436224
1038,12.34117753
1039,12.12278607
1040,12.0341611
1041,25.59198679
1042,23.91313176
1043,18.60460028
1044,23.76990606
1045,24.93959785
1046,12.79096435
1047,13.93317387
1048,13.28693433
1049,13.2413549
1050,12.99462335
1051,41.89101081
1052,41.76532674
1053,42.60761223
1054,43.17944481
1055,42.62884226
1056,42.75457482
1057,38.95009376
1058,36.59765917
1059,36.49465205
1060,32.96693585
1061,29.25183507
1062,32.81957034
1063,25.59375573
1064,24.93393213
1065,23.12314082
1066,24.93538173
1067,25.54130698
1068,37.45885141
1069,36.56926812
1070,37.75037656
1071,37.72865786
1072,35.72024103
1073,35.40725501
1074,35.7040718
1075,30.93228145
1076,31.56969629
1077,19.73008942
1078,20.68918506
1079,27.99183715
1080,27.64610775
1081,27.07789454
1082,25.76786931
1083,25.80628289
1084,25.80465198
1085,26.21715229
1086,27.01318263
1087,26.21317916
1088,29.53168784
1089,30.7757593
1090,30.07361999
1091,30.79306661
1092,30.09253773
1093,29.51728909
1094,18.3186415
1095,17.93605965
1096,17.55545453
1097,17.94663194
1098,41.65478022
1099,41.27395788
1100,14.27489938
1101,13.08772798
1102,13.47217518
1103,13.60373634
1104,40.16467093
1105,39.99339424
1106,39.31592109
1107,38.27251401
1108,40.0118649
1109,40.16553985
1110,39.99424447
1111,39.31689191
1112,38.27350242
1113,40.01194612
1114,42.93778491
1115,42.96296005
1116,42.93699781
1117,42.95200805
1118,41.40103292
1119,41.75711784
1120,41.89072232
1121,42.93802129
1122,42.96410514
1123,42.95364822
1124,42.93705051
1125,42.94828527
1126,41.76474312
1127,41.40188886
1128,41.75814595
1129,39.95747261
1130,40.73423918
1131,40.66786023
1132,41.75031213
1133,42.53763222
1134,41.69526431
1135,43.18272438
1136,42.63299381
1137,42.75961663
1138,39.9667373
1139,40.73602762
1140,40.67682179
1141,41.7517636
1142,42.54382666
1143,41.70302653
1144,24.20243747
1145,22.44137973
1146,25.79932934
1147,38.95883259
1148,36.60155035
1149,36.5069171
1150,32.97202534
1151,29.27033142
1152,32.83735196
1153,24.23827911
1154,22.44220497
1155,25.81380291
1156,15.54498885
1157,12.84539295
1158,11.82969726
1159,11.79683365
1160,12.53112486
1161,25.58803749
1162,23.27959688
1163,24.93193781
1164,25.53817316
1165,23.13525683
1166,24.93501337
1167,23.69664262
1168,15.56219237
1169,12.85181424
1170,11.83887299
1171,11.7944329
1172,12.53617381
1173,11.69233977
1174,11.23759819
1175,11.86878701
1176,12.46577695
1177,11.08666344
1178,11.68022403
1179,11.22536018
1180,11.86678128
1181,12.47169822
1182,11.06957273
1183,34.760975
1184,33.17354574
1185,33.8754034
1186,33.89519689
1187,34.76093805
1188,33.17397547
1189,33.87537315
1190,33.89613303
1191,37.45848468
1192,36.56822748
1193,37.75061696
1194,37.72858892
1195,35.72244238
1196,35.4071944
1197,35.70254319
1198,14.6579007
1199,13.50394504
1200,12.79549364
1201,12.8386523
1202,15.16229865
1203,16.01303526
1204,15.17312477
1205,12.78642398
1206,12.84191819
1207,15.1525383
1208,16.01105522
1209,15.16788618
1210,17.14198588
1211,18.85016457
1212,18.04516293
1213,18.05346293
1214,17.13951829
1215,18.84990296
1216,18.03952264
1217,18.04510523
1218,31.5587997
1219,32.1885263
1220,29.49441218
1221,29.99659066
1222,30.03605906
1223,29.45084807
1224,29.15131373
1225,30.93249324
1226,31.55928584
1227,32.19061268
1228,31.57089105
1229,29.4958594
1230,29.99661511
1231,29.45056287
1232,30.03729064
1233,22.08587857
1234,21.30258306
1235,21.23686858
1236,23.63445408
1237,23.40366342
1238,23.23953812
1239,23.84253971
1240,21.31401354
1241,20.70889531
1242,21.26747908
1243,22.0848093
1244,22.64637684
1245,23.64013087
1246,23.40775136
1247,23.84471277
1248,23.2469102
1249,24.37269509
1250,25.74096099
1251,25.77366831
1252,25.77592896
1253,26.14888935
1254,26.93958473
1255,26.15318921
1256,27.99041494
1257,27.64456924
1258,27.07603247
1259,25.74182709
1260,25.77385238
1261,25.77623893
1262,26.14924742
1263,26.93794122
1264,26.15256409
1265,25.28338478
1266,25.80229079
1267,26.02212635
1268,25.8969438
1269,25.9368722
1270,25.84091164
1271,25.94750218
1272,26.10247266
1273,25.85249178
1274,25.28103548
1275,25.79303272
1276,26.01789828
1277,25.90212979
1278,25.93930791
1279,25.85002955
1280,25.95055495
1281,26.10964454
1282,25.86476592
1283,28.00388703
1284,27.649117
1285,27.13654159
1286,25.76910568
1287,25.80646301
1288,25.80648806
1289,26.21800827
1290,27.01515473
1291,26.21541987
1292,28.00568328
1293,27.65065698
1294,27.13819131
1295,25.85740124
1296,25.29722559
1297,25.22382013
1298,24.97431371
1299,24.69830508
1300,24.88827521
1301,23.42035865
1302,24.13169834
1303,24.40533218
1304,25.85778125
1305,25.30208413
1306,25.22658697
1307,24.97373286
1308,24.69669847
1309,24.88778479
1310,23.41836651
1311,24.13285097
1312,24.406244
1313,30.97200082
1314,31.5731519
1315,32.20254223
1316,31.58015292
1317,29.53346086
1318,30.77620927
1319,30.07346937
1320,29.51731919
1321,30.09395509
1322,29.21877567
1323,30.97255112
1324,31.57366879
1325,30.79588811
1326,32.20386122
1327,31.58217547
1328,21.86537054
1329,21.35217254
1330,21.58989296
1331,21.27087325
1332,21.52007891
1333,21.95392254
1334,19.90513776
1335,19.68967492
1336,19.89472537
1337,20.43173801
1338,21.8665587
1339,21.35294708
1340,21.58531339
1341,21.94933319
1342,21.27139469
1343,21.5170521
1344,22.68713236
1345,19.69300932
1346,19.89913796
1347,20.43047574
1348,19.90548974
1349,33.14990895
1350,33.84747192
1351,34.69990069
1352,33.83028612
1353,33.14940813
1354,33.84711172
1355,34.69934917
1356,33.82963929
1357,35.64745219
1358,35.34012125
1359,35.62963554
1360,37.68949917
1361,37.66194919
1362,35.64536192
1363,35.33967664
1364,35.62922485
1365,37.68949372
1366,37.66287348
1367,16.46625719
1368,16.30602855
1369,16.88811838
1370,16.34978055
1371,15.41849877
1372,14.96304962
1373,15.28868527
1374,16.31398989
1375,16.89043652
1376,16.34903163
1377,15.42573886
1378,15.29723536
1379,18.32536328
1380,17.94151845
1381,17.55962459
1382,17.95243698
1383,39.25771349
1384,38.20711287
1385,39.92377779
1386,40.0623468
1387,39.89982999
1388,39.25798811
1389,38.2075003
1390,39.92414863
1391,40.06223729
1392,39.89979892
1393,41.75124669
1394,42.41570361
1395,41.63532627
1396,42.70387826
1397,42.75473107
1398,42.71800602
1399,42.72246577
1400,42.64489552
1401,41.27354448
1402,41.63467462
1403,41.75029773
1404,41.65376128
1405,42.70382905
1406,42.75421991
1407,42.72200391
1408,42.71780265
1409,42.64469313
1410,42.7157798
1411,42.08935731
1412,42.15704119
1413,38.9228834
1414,39.7382353
1415,39.65690869
1416,40.90825366
1417,41.84119048
1418,40.84366707
1419,42.71586267
1420,42.0891145
1421,42.15688275
1422,38.92294901
1423,39.73771615
1424,39.65696688
1425,40.9076884
1426,41.84112187
1427,40.84365306
1428,37.67680103
1429,34.87358362
1430,34.715623
1431,30.57933804
1432,25.86450928
1433,30.32651596
1434,22.39765128
1435,22.77747953
1436,21.23548928
1437,37.67693439
1438,34.87807301
1439,34.71697976
1440,30.58538166
1441,25.87549397
1442,30.3311449
1443,22.38749416
1444,22.73809127
1445,21.2515322
1446,11.86212785
1447,12.33650962
1448,26.11736647
1449,23.64500488
1450,17.9820749
1451,23.67214542
1452,26.31898551
1453,25.60361718
1454,12.45070609
1455,11.92588583
1456,11.86615329
1457,12.7538096
1458,12.3402007
1459,11.94143547
1460,26.11702035
1461,23.65236362
1462,26.31504202
1463,18.02507072
1464,23.7009952
1465,25.59232071
1466,12.45432858
1467,14.28517403
1468,13.48661081
1469,14.97153551
1470,13.61020513
1471,13.10044467
