ref,kind,x_mm,y_mm,height_mm,keepout_radius_mm,body_x_mm,body_y_mm,hole_diameter_mm,role,access_type,direction,finished_width_mm,finished_height_mm,finished_diameter_mm,alignment_tolerance_mm
MH1,MOUNTING_HOLE,-40.0,-28.0,0.0,0.0,0.0,0.0,3.0,standoff_axis,,,0.0,0.0,0.0,0.0
MH2,MOUNTING_HOLE,40.0,-28.0,0.0,0.0,0.0,0.0,3.0,standoff_axis,,,0.0,0.0,0.0,0.0
MH3,MOUNTING_HOLE,-40.0,28.0,0.0,0.0,0.0,0.0,3.0,standoff_axis,,,0.0,0.0,0.0,0.0
MH4,MOUNTING_HOLE,40.0,28.0,0.0,0.0,0.0,0.0,3.0,standoff_axis,,,0.0,0.0,0.0,0.0
TP1,POGO_TARGET,-22.0,-12.0,0.2,2.5,2.0,2.0,0.0,access_bore,top_bore,Z_PLUS,0.0,0.0,5.0,0.25
TP2,POGO_TARGET,-6.0,-12.0,0.2,2.5,2.0,2.0,0.0,access_bore,top_bore,Z_PLUS,0.0,0.0,5.0,0.25
TP3,POGO_TARGET,10.0,-12.0,0.2,2.5,2.0,2.0,0.0,access_bore,top_bore,Z_PLUS,0.0,0.0,5.0,0.25
TP4,POGO_TARGET,26.0,-12.0,0.2,2.5,2.0,2.0,0.0,access_bore,top_bore,Z_PLUS,0.0,0.0,5.0,0.25
J1,EDGE_CONN,0.0,33.0,4.4,11.0,22.0,12.0,0.0,connector_window,side_window,Y_PLUS,22.0,6.0,0.0,0.25
