x_m,p_kinematic_m2ps2,p_pa
0.005,14.952655434,14952.655434
0.015,14.7711907,14771.1907
0.025,14.625467392,14625.467392
0.035,14.47494641,14474.94641
0.045,14.325005922,14325.005922
0.055,14.174999358,14174.999358
0.065,14.025000068,14025.000068
0.075,13.87499999,13874.99999
0.085,13.725,13725
0.095,13.575,13575
0.105,13.425,13425
0.115,13.275,13275
0.125,13.125,13125
0.135,12.975,12975
0.145,12.825,12825
0.155,12.675,12675
0.165,12.525,12525
0.175,12.375,12375
0.185,12.225,12225
0.195,12.075,12075
0.205,11.925,11925
0.215,11.775,11775
0.225,11.625,11625
0.235,11.475,11475
0.245,11.325,11325
0.255,11.175,11175
0.265,11.025,11025
0.275,10.875,10875
0.285,10.725,10725
0.295,10.575,10575
0.305,10.425,10425
0.315,10.275,10275
0.325,10.125,10125
0.335,9.975,9975
0.345,9.825,9825
0.355,9.675,9675
0.365,9.525,9525
0.375,9.375,9375
0.385,9.225,9225
0.395,9.075,9075
0.405,8.925,8925
0.415,8.775,8775
0.425,8.625,8625
0.435,8.475,8475
0.445,8.325,8325
0.455,8.175,8175
0.465,8.025,8025
0.475,7.875,7875
0.485,7.725,7725
0.495,7.575,7575
0.505,7.425,7425
0.515,7.275,7275
0.525,7.125,7125
0.535,6.975,6975
0.545,6.825,6825
0.555,6.675,6675
0.565,6.525,6525
0.575,6.375,6375
0.585,6.225,6225
0.595,6.075,6075
0.605,5.925,5925
0.615,5.775,5775
0.625,5.625,5625
0.635,5.475,5475
0.645,5.325,5325
0.655,5.175,5175
0.665,5.025,5025
0.675,4.875,4875
0.685,4.725,4725
0.695,4.575,4575
0.705,4.425,4425
0.715,4.275,4275
0.725,4.125,4125
0.735,3.975,3975
0.745,3.825,3825
0.755,3.675,3675
0.765,3.525,3525
0.775,3.375,3375
0.785,3.225,3225
0.795,3.075,3075
0.805,2.925,2925
0.815,2.775,2775
0.825,2.625,2625
0.835,2.475,2475
0.845,2.325,2325
0.855,2.175,2175
0.865,2.025,2025
0.875,1.875,1875
0.885,1.725,1725
0.895,1.575,1575
0.905,1.425,1425
0.915,1.275,1275
0.925,1.125,1125
0.935,0.9750000001,975.0000001
0.945,0.8250000001,825.0000001
0.955,0.6750000001,675.0000001
0.965,0.5250000001,525.0000001
0.975,0.375,375
0.985,0.225,225
0.995,0.07500000001,75.00000001
