y_m,ux_cfd_mps,ux_theory_mps,abs_error_mps
0.000625,0.003702042547,0.0037265625,2.451995299999985e-05
0.001875,0.01101241629,0.011039062499999999,2.6646209999998255e-05
0.003125,0.0181353677,0.0181640625,2.869480000000299e-05
0.004375,0.02507089769,0.0251015625,3.066481000000079e-05
0.005625,0.0318190075,0.0318515625,3.2554999999996614e-05
0.006875,0.03837969856,0.038414062500000005,3.436394000000398e-05
0.008125,0.04475297245,0.044789062500000004,3.6090050000006646e-05
0.009375,0.05093883077,0.0509765625,3.773173000000407e-05
0.010625,0.05693727504,0.05697656250000001,3.928746000000927e-05
0.011875,0.06274830659,0.0627890625,4.075591000000933e-05
0.013125,0.06837192645,0.0684140625,4.213605000000231e-05
0.014375,0.07380813523,0.07385156250000001,4.342727000000712e-05
0.015625,0.07905693308,0.0791015625,4.462941999999748e-05
0.016875,0.08411831954,0.08416406250000001,4.5742960000011434e-05
0.018125,0.08899229355,0.0890390625,4.676894999999792e-05
0.019375,0.09367885338,0.0937265625,4.7709120000002936e-05
0.020625,0.09817799663,0.0982265625,4.856587000000301e-05
0.021875,0.1024897202,0.10253906249999999,4.934229999999096e-05
0.023125,0.1066140206,0.10666406249999999,5.004189999999187e-05
0.024375,0.1105508934,0.1106015625,5.066909999999758e-05
0.025625,0.1143003343,0.1143515625,5.1228200000003055e-05
0.026875,0.1178623381,0.1179140625,5.172439999999445e-05
0.028125,0.1212368999,0.12128906250000002,5.216260000001638e-05
0.029375,0.1244240144,0.1244765625,5.254809999999388e-05
0.030625,0.1274236766,0.1274765625,5.288589999999371e-05
0.031875,0.1302358814,0.1302890625,5.3181099999993764e-05
0.033125,0.1328606242,0.13291406249999999,5.343829999998606e-05
0.034375,0.1352979006,0.1353515625,5.3661900000001594e-05
0.035625,0.1375477066,0.13760156250000002,5.3855900000010504e-05
0.036875,0.1396100387,0.13966406250000002,5.4023800000024824e-05
0.038125,0.1414848939,0.1415390625,5.416860000001522e-05
0.039375,0.1431722695,0.14322656250000002,5.4293000000010805e-05
0.040625,0.1446721633,0.14472656250000002,5.439920000002707e-05
0.041875,0.1459845736,0.1460390625,5.448890000001039e-05
0.043125,0.1471094989,0.1471640625,5.45636000000016e-05
0.044375,0.1480469381,0.1481015625,5.4624400000008455e-05
0.045625,0.1487968903,0.1488515625,5.46721999999944e-05
0.046875,0.149359355,0.14941406250000003,5.470750000002855e-05
0.048125,0.1497343316,0.14978906250000001,5.473090000002179e-05
0.049375,0.14992182,0.14997656250000002,5.474250000001013e-05
0.050625,0.14992182,0.14997656250000002,5.474250000001013e-05
0.051875,0.1497343316,0.14978906250000001,5.473090000002179e-05
0.053125,0.149359355,0.1494140625,5.47075000000008e-05
0.054375,0.1487968903,0.1488515625,5.46721999999944e-05
0.055625,0.1480469381,0.14810156250000003,5.462440000003621e-05
0.056875,0.1471094989,0.14716406250000003,5.4563600000029355e-05
0.058125,0.1459845736,0.14603906250000004,5.448890000003814e-05
0.059375,0.1446721633,0.14472656250000002,5.439920000002707e-05
0.060625,0.1431722695,0.14322656250000002,5.4293000000010805e-05
0.061875,0.1414848939,0.1415390625,5.416860000001522e-05
0.063125,0.1396100387,0.1396640625,5.402379999999707e-05
0.064375,0.1375477066,0.1376015625,5.385589999998275e-05
0.065625,0.1352979006,0.1353515625,5.3661900000001594e-05
0.066875,0.1328606242,0.13291406249999999,5.343829999998606e-05
0.068125,0.1302358815,0.1302890625,5.318099999998549e-05
0.069375,0.1274236766,0.1274765625,5.288589999999371e-05
0.070625,0.1244240144,0.12447656250000004,5.2548100000035514e-05
0.071875,0.1212368999,0.12128906250000004,5.2162600000044135e-05
0.073125,0.1178623381,0.11791406250000003,5.172440000002221e-05
0.074375,0.1143003343,0.11435156250000002,5.122820000001693e-05
0.075625,0.1105508934,0.11060156250000003,5.0669100000025336e-05
0.076875,0.1066140206,0.10666406250000003,5.00419000000335e-05
0.078125,0.1024897202,0.10253906250000003,4.934230000003259e-05
0.079375,0.09817799664,0.0982265625,4.856586000000218e-05
0.080625,0.09367885339,0.09372656250000001,4.7709110000015986e-05
0.081875,0.08899229356,0.0890390625,4.6768939999997095e-05
0.083125,0.08411831954,0.08416406250000001,4.5742960000011434e-05
0.084375,0.07905693308,0.0791015625,4.462941999999748e-05
0.085625,0.07380813523,0.0738515625,4.3427269999993245e-05
0.086875,0.06837192645,0.06841406250000005,4.213605000005782e-05
0.088125,0.06274830659,0.06278906250000005,4.0755910000050966e-05
0.089375,0.05693727504,0.05697656250000005,3.92874600000509e-05
0.090625,0.05093883077,0.050976562500000044,3.7731730000045705e-05
0.091875,0.04475297245,0.04478906250000004,3.609005000004134e-05
0.093125,0.03837969856,0.03841406250000003,3.4363940000031734e-05
0.094375,0.0318190075,0.03185156250000003,3.255500000002437e-05
0.095625,0.02507089769,0.02510156250000002,3.066481000002161e-05
0.096875,0.0181353677,0.018164062500000015,2.8694800000016868e-05
0.098125,0.01101241629,0.01103906250000001,2.6646210000010398e-05
0.099375,0.003702042547,0.0037265625000000033,2.451995300000332e-05
