kind,feature,parameter,value,notes
meta,table,role,supplement_only,"The drawing remains primary; do not substitute this table for dimensions printed in the drawing."
datum,sleeve,axis,"X=0; Y=0; +Z", "All outer steps and the bore are coaxial with this datum."
topology,part,connectivity,single_hollow_solid,"All outer sections form one continuous sleeve."
outer_section,S1,z_range,"0..8", "Use the S1 diameter printed in the drawing."
outer_section,S2,z_range,"8..28", "Use the S2 diameter printed in the drawing."
outer_section,S3,diameter,48,"Third-step diameter omitted from the drawing."
outer_section,S3,z_range,"28..overall_height", "The overall height is read from the drawing."
bore,central,diameter,30,"Central bore diameter omitted from the drawing."
bore,central,axis_and_depth,"+Z; through","The bore is coaxial and passes through the full sleeve."
radial_feature,part,presence,none,"No radial cross-hole or side opening is allowed."
