hole_id,x_mm,y_mm,hole_type,pilot_diameter_mm,machining_depth_mm,counterbore_diameter_mm,counterbore_depth_mm,thread_spec,thread_pitch_mm,thread_depth_mm,spot_tool,drill_tool,secondary_tool
H01,-45,-25,through,5.0,19.0,,,,,,T1,T2,
H02,-15,-25,through,5.0,19.0,,,,,,T1,T2,
H03,15,-25,through,5.0,19.0,,,,,,T1,T2,
H04,45,-25,through,5.0,19.0,,,,,,T1,T2,
H05,-45,25,through,5.0,19.0,,,,,,T1,T2,
H06,-15,25,through,5.0,19.0,,,,,,T1,T2,
H07,15,25,through,5.0,19.0,,,,,,T1,T2,
H08,45,25,through,5.0,19.0,,,,,,T1,T2,
H09,-45,0,blind,5.0,7.0,,,,,,T1,T2,
H10,-30,0,blind,5.0,7.0,,,,,,T1,T2,
H11,-15,0,blind,5.0,7.0,,,,,,T1,T2,
H12,0,0,blind,5.0,7.0,,,,,,T1,T2,
H13,0,25,blind,5.0,7.0,,,,,,T1,T2,
H14,15,0,blind,5.0,7.0,,,,,,T1,T2,
H15,30,0,blind,5.0,7.0,,,,,,T1,T2,
H16,45,0,blind,5.0,7.0,,,,,,T1,T2,
H17,-30,15,counterbore,5.0,8.0,10.0,3.0,,,,T1,T2,T4
H18,-10,15,counterbore,5.0,8.0,10.0,3.0,,,,T1,T2,T4
H19,10,15,counterbore,5.0,8.0,10.0,3.0,,,,T1,T2,T4
H20,30,15,counterbore,5.0,8.0,10.0,3.0,,,,T1,T2,T4
H21,-30,-15,threaded_pilot,6.8,19.0,,,M8x1.25,1.25,15.0,T1,T3,T5
H22,-10,-15,threaded_pilot,6.8,19.0,,,M8x1.25,1.25,15.0,T1,T3,T5
H23,10,-15,threaded_pilot,6.8,19.0,,,M8x1.25,1.25,15.0,T1,T3,T5
H24,30,-15,threaded_pilot,6.8,19.0,,,M8x1.25,1.25,15.0,T1,T3,T5
