footprint_name,wrl_filename,body_height_mm,layer
SOIC-8_3.9x4.9mm_P1.27mm,SO8_3.9x4.9.wrl,1.75,F.Cu
SOIC-14_3.9x8.7mm_P1.27mm,SO14_3.9x8.7.wrl,1.75,F.Cu
SOIC-16_3.9x9.9mm_P1.27mm,SO16_3.9x9.9.wrl,1.75,B.Cu
SOIC-20_7.5x12.8mm_P1.27mm_Wide,SO20_wide.wrl,2.65,F.Cu
SOIC-24_7.5x15.4mm_P1.27mm_Wide,SO24_wide.wrl,2.65,F.Cu
SOIC-28_7.5x18.0mm_P1.27mm_Wide,SO28_wide.wrl,2.65,B.Cu
QFP-32_7x7mm_P0.8mm,QFP32_7x7.wrl,1.60,F.Cu
QFP-44_10x10mm_P0.8mm,QFP44_10x10.wrl,1.60,F.Cu
QFP-48_7x7mm_P0.5mm,QFP48_7x7.wrl,1.20,B.Cu
QFP-64_10x10mm_P0.5mm,QFP64_10x10.wrl,1.60,F.Cu
LQFP-100_14x14mm_P0.5mm,LQFP100_14x14.wrl,1.40,F.Cu
LQFP-144_20x20mm_P0.5mm,LQFP144_20x20.wrl,1.40,B.Cu
