label,length_m,start_x,start_y,end_x,end_y
Wall_Ext_E,8.000,10.000,0.000,10.000,8.000
Wall_Ext_N,10.000,0.000,8.000,10.000,8.000
Wall_Ext_S,10.000,0.000,0.000,10.000,0.000
Wall_Ext_W,8.000,0.000,0.000,0.000,8.000
Door_Front,0.900,7.050,0.000,7.950,0.000
Door_Interior,0.800,4.900,5.600,4.900,6.400
Window_N,1.800,6.600,7.800,8.400,7.800
Window_S,1.500,1.750,0.000,3.250,0.000
Room_NE_D,3.700,5.100,4.100,5.100,7.800
Room_NE_W,4.700,5.100,4.100,9.800,4.100
Room_NW_D,3.700,0.200,4.100,0.200,7.800
Room_NW_W,4.700,0.200,4.100,4.900,4.100
Room_SE_D,3.700,5.100,0.200,5.100,3.900
Room_SE_W,4.700,5.100,0.200,9.800,0.200
Room_SW_D,3.700,0.200,0.200,0.200,3.900
Room_SW_W,4.700,0.200,0.200,4.900,0.200
