762.819577,762.975895,762.959368,680.849154,680.915259,680.933394,1753.954459,1753.954459,1753.954459
1536.699310,1536.170075,1753.954459,1753.949695,1753.949608,1753.954459,1753.954459,1753.954459,1753.954459
1535.482209,1753.949803,1753.954459,1536.167952,1753.949608,1753.954459,1753.954459,1753.954459,1753.954459
762.959368,680.933394,1753.954459,762.975895,680.915259,1753.954459,762.819577,680.849154,1753.954459
1753.954459,1753.954459,1753.954459,1536.170075,1753.949608,1753.954459,1536.778279,1753.949546,1753.954459
1753.954459,1753.954459,1753.954459,1753.949659,1753.949608,1753.954459,1535.565108,1536.167952,1753.954459
1753.954459,1753.954459,1753.954459,680.933394,680.915259,680.849154,762.959368,762.975895,762.819577
1753.954459,1753.954459,1753.954459,1753.954459,1753.949608,1753.949546,1753.954459,1536.170075,1536.778279
1753.954459,1753.954459,1753.954459,1753.954459,1753.949608,1536.167952,1753.954459,1753.949659,1535.565108
1753.954459,680.849154,762.819577,1753.954459,680.915259,763.072441,1753.954459,680.933394,762.879193
1753.954459,1753.949695,1536.699310,1753.954459,1753.949608,1536.170075,1753.954459,1753.954459,1753.954459
1753.954459,1536.167952,1535.565108,1753.954459,1753.949608,1753.949659,1753.954459,1753.954459,1753.954459
