x_m,temperature_K,linear_theory_K
0.0025,399.75,399.75
0.0075,399.25,399.25
0.0125,398.7499999,398.75
0.0175,398.2499999,398.25
0.0225,397.7499999,397.75
0.0275,397.2499999,397.25
0.0325,396.7499999,396.75
0.0375,396.2499998,396.25
0.0425,395.7499998,395.75
0.0475,395.2499998,395.25
0.0525,394.7499998,394.75
0.0575,394.2499998,394.25
0.0625,393.7499997,393.75
0.0675,393.2499997,393.25
0.0725,392.7499997,392.75
0.0775,392.2499997,392.25
0.0825,391.7499996,391.75
0.0875,391.2499996,391.25
0.0925,390.7499996,390.75
0.0975,390.2499996,390.25
0.1025,389.7499996,389.75
0.1075,389.2499996,389.25
0.1125,388.7499995,388.75
0.1175,388.2499995,388.25
0.1225,387.7499995,387.75
0.1275,387.2499995,387.25
0.1325,386.7499995,386.75
0.1375,386.2499995,386.25
0.1425,385.7499994,385.75
0.1475,385.2499994,385.25
0.1525,384.7499994,384.75
0.1575,384.2499994,384.25
0.1625,383.7499994,383.75
0.1675,383.2499994,383.25
0.1725,382.7499994,382.75
0.1775,382.2499994,382.25
0.1825,381.7499994,381.75
0.1875,381.2499993,381.25
0.1925,380.7499993,380.75
0.1975,380.2499993,380.25
0.2025,379.7499993,379.75
0.2075,379.2499993,379.25
0.2125,378.7499993,378.75
0.2175,378.2499993,378.25
0.2225,377.7499993,377.75
0.2275,377.2499993,377.25
0.2325,376.7499993,376.75
0.2375,376.2499993,376.25
0.2425,375.7499993,375.75
0.2475,375.2499993,375.25
0.2525,374.7499993,374.75
0.2575,374.2499993,374.25
0.2625,373.7499993,373.75
0.2675,373.2499993,373.25
0.2725,372.7499993,372.75
0.2775,372.2499993,372.25
0.2825,371.7499993,371.75
0.2875,371.2499993,371.25
0.2925,370.7499993,370.75
0.2975,370.2499993,370.25
0.3025,369.7499993,369.75
0.3075,369.2499993,369.25
0.3125,368.7499993,368.75
0.3175,368.2499994,368.25
0.3225,367.7499994,367.75
0.3275,367.2499994,367.25
0.3325,366.7499994,366.75
0.3375,366.2499994,366.25
0.3425,365.7499994,365.75
0.3475,365.2499994,365.25
0.3525,364.7499994,364.75
0.3575,364.2499994,364.25
0.3625,363.7499995,363.75
0.3675,363.2499995,363.25
0.3725,362.7499995,362.75
0.3775,362.2499995,362.25
0.3825,361.7499995,361.75
0.3875,361.2499995,361.25
0.3925,360.7499996,360.75
0.3975,360.2499996,360.25
0.4025,359.7499996,359.75
0.4075,359.2499996,359.25
0.4125,358.7499996,358.75
0.4175,358.2499996,358.25
0.4225,357.7499997,357.75
0.4275,357.2499997,357.25
0.4325,356.7499997,356.75
0.4375,356.2499997,356.25
0.4425,355.7499997,355.75
0.4475,355.2499998,355.25
0.4525,354.7499998,354.75
0.4575,354.2499998,354.25
0.4625,353.7499998,353.75
0.4675,353.2499999,353.25
0.4725,352.7499999,352.75
0.4775,352.2499999,352.25
0.4825,351.7499999,351.75
0.4875,351.2499999,351.25
0.4925,350.75,350.75
0.4975,350.25,350.25
0.5025,349.75,349.75
0.5075,349.25,349.25
0.5125,348.7500001,348.75
0.5175,348.2500001,348.25
0.5225,347.7500001,347.75
0.5275,347.2500001,347.25
0.5325,346.7500001,346.75
0.5375,346.2500002,346.25
0.5425,345.7500002,345.75
0.5475,345.2500002,345.25
0.5525,344.7500002,344.75
0.5575,344.2500002,344.25
0.5625,343.7500003,343.75
0.5675,343.2500003,343.25
0.5725,342.7500003,342.75
0.5775,342.2500003,342.25
0.5825,341.7500004,341.75
0.5875,341.2500004,341.25
0.5925,340.7500004,340.75
0.5975,340.2500004,340.25
0.6025,339.7500004,339.75
0.6075,339.2500004,339.25
0.6125,338.7500005,338.75
0.6175,338.2500005,338.25
0.6225,337.7500005,337.75
0.6275,337.2500005,337.25
0.6325,336.7500005,336.75
0.6375,336.2500005,336.25
0.6425,335.7500006,335.75
0.6475,335.2500006,335.25
0.6525,334.7500006,334.75
0.6575,334.2500006,334.25
0.6625,333.7500006,333.75
0.6675,333.2500006,333.25
0.6725,332.7500006,332.75
0.6775,332.2500006,332.25
0.6825,331.7500006,331.75
0.6875,331.2500007,331.25
0.6925,330.7500007,330.75
0.6975,330.2500007,330.25
0.7025,329.7500007,329.75
0.7075,329.2500007,329.25
0.7125,328.7500007,328.75
0.7175,328.2500007,328.25
0.7225,327.7500007,327.75
0.7275,327.2500007,327.25
0.7325,326.7500007,326.75
0.7375,326.2500007,326.25
0.7425,325.7500007,325.75
0.7475,325.2500007,325.25
0.7525,324.7500007,324.75
0.7575,324.2500007,324.25
0.7625,323.7500007,323.75
0.7675,323.2500007,323.25
0.7725,322.7500007,322.75
0.7775,322.2500007,322.25
0.7825,321.7500007,321.75
0.7875,321.2500007,321.25
0.7925,320.7500007,320.75
0.7975,320.2500007,320.25
0.8025,319.7500007,319.75
0.8075,319.2500007,319.25
0.8125,318.7500007,318.75
0.8175,318.2500006,318.25
0.8225,317.7500006,317.75
0.8275,317.2500006,317.25
0.8325,316.7500006,316.75
0.8375,316.2500006,316.25
0.8425,315.7500006,315.75
0.8475,315.2500006,315.25
0.8525,314.7500006,314.75
0.8575,314.2500006,314.25
0.8625,313.7500005,313.75
0.8675,313.2500005,313.25
0.8725,312.7500005,312.75
0.8775,312.2500005,312.25
0.8825,311.7500005,311.75
0.8875,311.2500005,311.25
0.8925,310.7500004,310.75
0.8975,310.2500004,310.25
0.9025,309.7500004,309.75
0.9075,309.2500004,309.25
0.9125,308.7500004,308.75
0.9175,308.2500004,308.25
0.9225,307.7500003,307.75
0.9275,307.2500003,307.25
0.9325,306.7500003,306.75
0.9375,306.2500003,306.25
0.9425,305.7500003,305.75
0.9475,305.2500002,305.25
0.9525,304.7500002,304.75
0.9575,304.2500002,304.25
0.9625,303.7500002,303.75
0.9675,303.2500001,303.25
0.9725,302.7500001,302.75
0.9775,302.2500001,302.25
0.9825,301.7500001,301.75
0.9875,301.2500001,301.25
0.9925,300.75,300.75
0.9975,300.25,300.25
