y_m,alpha_water
0.002999935,0.929488973
0.008999805,0.9748736202
0.014999675,0.9999869399
0.020999545,0.9999999996
0.026999415,1
0.032999285,1.000000006
0.038999155,1.000000025
0.044999025,1.000000032
0.05437992476,1.000000018
0.06714185428,1.000000005
0.07990378381,1
0.09266571333,0.9231143591
0.1054276428,0.07475080199
0.1181895724,3.034350792e-08
0.1309515019,0.0001011356421
0.1437134314,5.677441611e-05
0.156475361,0.0002363024855
0.1692372905,0.0002523814676
0.18199922,1.37372727e-05
0.1947611495,3.256317078e-10
0.207523079,3.428665518e-13
0.2202850085,5.101172917e-15
0.2330469381,3.226575705e-14
0.2458088676,3.642131784e-13
0.2585707971,6.101215248e-16
0.2713327267,8.0882539e-17
0.2840946562,1.257433153e-17
0.2968565857,1.58905836e-18
0.3096185152,1.965105886e-19
0.3223804447,2.696925851e-20
0.3351423742,4.230358379e-21
0.3479043038,7.550073848e-22
0.3606662334,1.444690748e-22
0.3734281629,2.695520454e-23
0.3861900924,4.497791626e-24
0.3989520219,6.356250155e-25
0.4117139515,7.296608393e-26
0.4244758809,6.441000498e-27
0.4372378104,4.094023776e-28
0.44999974,1.804999041e-29
0.4627616696,5.670708101e-31
0.4755235991,1.403195604e-32
0.4882855285,3.157476857e-34
0.5010474581,6.930536243e-36
0.5138093877,1.374314844e-37
0.5265713171,2.173138415e-39
0.5393332466,1.879922086e-41
0.5520951762,3.527354197e-44
0.5648571058,3.267317145e-48
0.5776190352,1.253239069e-50
