task,10
title,无侧孔阶梯套筒
units,mm
bbox_x_span,72.000000
bbox_y_span,72.000000
bbox_z_span,55.000000
reference_volume_mm3,99101.540257
reference_surface_area_mm2,21563.891974
semantic_check,single hollow solid
semantic_check,coaxial through bore
semantic_check,outer diameter steps
semantic_check,no radial bore
solid_probe_xyz,31.000;0.000;4.000
solid_probe_xyz,26.000;0.000;18.000
solid_probe_xyz,20.000;0.000;41.500
empty_probe_xyz,0.000;0.000;27.500
evidence_schema,explicit_parameters,All coordinates and dimensions are nominal millimetres
datum,axis,X=0; Y=0; +Z is sleeve axis
outer_section,S1,diameter=72; z=0..8
outer_section,S2,diameter=60; z=8..28
outer_section,S3,diameter=48; z=28..55
bore,central,diameter=30; axis=+Z; depth=through
radial_feature,none,no radial cross-hole
