task,07
title,凸台端盖
units,mm
bbox_x_span,100.000000
bbox_y_span,100.000000
bbox_z_span,30.000000
reference_volume_mm3,124534.303585
reference_surface_area_mm2,24692.918257
semantic_check,one circular solid
semantic_check,central bore
semantic_check,4-hole bolt pattern
semantic_check,central raised boss
solid_probe_xyz,40.000;0.000;6.000
solid_probe_xyz,25.000;0.000;27.000
empty_probe_xyz,0.000;0.000;15.000
empty_probe_xyz,25.456;25.456;6.000
empty_probe_xyz,-25.456;25.456;6.000
empty_probe_xyz,-25.456;-25.456;6.000
empty_probe_xyz,25.456;-25.456;6.000
evidence_schema,explicit_parameters,All coordinates and dimensions are nominal millimetres
datum,axis,X=0; Y=0; +Z is shaft axis
disc,main,diameter=100; thickness=12; z=0..12
boss,upper,diameter=55; height=18; z=12..30
bore,central,diameter=20; axis=+Z; depth=through
bolt_circle,pattern,count=4; PCD=72; start_angle=45deg; hole_diameter=9; axis=+Z; depth=through
bolt_hole,H1-H4,"centers=(25.456,25.456),(-25.456,25.456),(-25.456,-25.456),(25.456,-25.456)"
