x_m,p_pa
0.0005,100000
0.0015,100000
0.0025,100000
0.0035,100000
0.0045,100000
0.0055,100000
0.0065,100000
0.0075,100000
0.0085,100000
0.0095,100000
0.0105,100000
0.0115,100000
0.0125,100000
0.0135,100000
0.0145,100000
0.0155,100000
0.0165,100000
0.0175,100000
0.0185,100000
0.0195,100000
0.0205,100000
0.0215,100000
0.0225,100000
0.0235,100000
0.0245,100000
0.0255,100000
0.0265,100000
0.0275,100000
0.0285,100000
0.0295,100000
0.0305,100000
0.0315,100000
0.0325,100000
0.0335,100000
0.0345,100000
0.0355,100000
0.0365,100000
0.0375,100000
0.0385,100000
0.0395,100000
0.0405,100000
0.0415,100000
0.0425,100000
0.0435,100000
0.0445,100000
0.0455,100000
0.0465,100000
0.0475,100000
0.0485,100000
0.0495,100000
0.0505,100000
0.0515,100000
0.0525,100000
0.0535,100000
0.0545,100000
0.0555,100000
0.0565,100000
0.0575,100000
0.0585,100000
0.0595,100000
0.0605,100000
0.0615,100000
0.0625,100000
0.0635,100000
0.0645,100000
0.0655,100000
0.0665,100000
0.0675,100000
0.0685,100000
0.0695,100000
0.0705,100000
0.0715,100000
0.0725,100000
0.0735,100000
0.0745,100000
0.0755,100000
0.0765,100000
0.0775,100000
0.0785,100000
0.0795,100000
0.0805,100000
0.0815,100000
0.0825,100000
0.0835,100000
0.0845,100000
0.0855,100000
0.0865,100000
0.0875,100000
0.0885,100000
0.0895,100000
0.0905,100000
0.0915,100000
0.0925,100000
0.0935,100000
0.0945,100000
0.0955,100000
0.0965,100000
0.0975,100000
0.0985,100000
0.0995,100000
0.1005,100000
0.1015,100000
0.1025,100000
0.1035,100000
0.1045,100000
0.1055,100000
0.1065,100000
0.1075,100000
0.1085,100000
0.1095,100000
0.1105,100000
0.1115,100000
0.1125,100000
0.1135,100000
0.1145,100000
0.1155,100000
0.1165,100000
0.1175,100000
0.1185,100000
0.1195,100000
0.1205,100000
0.1215,100000
0.1225,100000
0.1235,100000
0.1245,100000
0.1255,100000
0.1265,100000
0.1275,100000
0.1285,100000
0.1295,100000
0.1305,100000
0.1315,100000
0.1325,100000
0.1335,100000
0.1345,100000
0.1355,100000
0.1365,100000
0.1375,100000
0.1385,100000
0.1395,100000
0.1405,100000
0.1415,100000
0.1425,100000
0.1435,100000
0.1445,100000
0.1455,100000
0.1465,100000
0.1475,100000
0.1485,100000
0.1495,100000
0.1505,100000
0.1515,100000
0.1525,100000
0.1535,100000
0.1545,100000
0.1555,100000
0.1565,100000
0.1575,100000
0.1585,100000
0.1595,100000
0.1605,100000
0.1615,100000
0.1625,100000
0.1635,100000
0.1645,100000
0.1655,100000
0.1665,100000
0.1675,100000
0.1685,100000
0.1695,100000
0.1705,100000
0.1715,100000
0.1725,100000
0.1735,100000
0.1745,100000
0.1755,100000
0.1765,100000
0.1775,100000
0.1785,100000
0.1795,100000
0.1805,100000
0.1815,100000
0.1825,100000
0.1835,100000
0.1845,100000
0.1855,100000
0.1865,100000
0.1875,100000
0.1885,100000
0.1895,100000
0.1905,100000
0.1915,100000
0.1925,100000
0.1935,100000
0.1945,100000
0.1955,100000
0.1965,100000
0.1975,100000
0.1985,100000
0.1995,100000
0.2005,100000
0.2015,100000
0.2025,100000
0.2035,100000
0.2045,100000
0.2055,100000
0.2065,100000
0.2075,100000
0.2085,100000
0.2095,100000
0.2105,100000
0.2115,100000
0.2125,100000
0.2135,100000
0.2145,100000
0.2155,100000
0.2165,100000
0.2175,100000
0.2185,100000
0.2195,100000
0.2205,100000
0.2215,100000
0.2225,100000
0.2235,100000
0.2245,100000
0.2255,100000
0.2265,100000
0.2275,100000
0.2285,100000
0.2295,100000
0.2305,100000
0.2315,100000
0.2325,100000
0.2335,100000
0.2345,100000
0.2355,100000
0.2365,100000
0.2375,100000
0.2385,100000
0.2395,100000
0.2405,100000
0.2415,100000
0.2425,100000
0.2435,100000
0.2445,100000
0.2455,100000
0.2465,100000
0.2475,100000
0.2485,100000
0.2495,100000
0.2505,100000
0.2515,100000
0.2525,100000
0.2535,100000
0.2545,100000
0.2555,100000
0.2565,100000
0.2575,100000
0.2585,99999.99999
0.2595,100000
0.2605,99999.99997
0.2615,100000
0.2625,99999.99989
0.2635,100000
0.2645,99999.99968
0.2655,100000
0.2665,99999.99904
0.2675,100000.0001
0.2685,99999.99722
0.2695,100000.0002
0.2705,99999.99219
0.2715,100000.0006
0.2725,99999.97867
0.2735,100000.0015
0.2745,99999.94344
0.2755,100000.0041
0.2765,99999.85456
0.2775,100000.0106
0.2785,99999.63751
0.2795,100000.0265
0.2805,99999.1252
0.2815,100000.0641
0.2825,99997.95781
0.2835,100000.1495
0.2845,99995.39329
0.2855,100000.3365
0.2865,99989.97031
0.2875,100000.729
0.2885,99978.95122
0.2895,100001.5154
0.2905,99957.48014
0.2915,100003.0111
0.2925,99917.45464
0.2935,100005.6807
0.2945,99846.27224
0.2955,100010.066
0.2965,99725.91429
0.2975,100016.4327
0.2985,99533.24866
0.2995,100023.79
0.3005,99242.80465
0.3015,100027.7775
0.3025,98833.17637
0.3035,100017.0193
0.3045,98296.95963
0.3055,99968.36467
0.3065,97651.15792
0.3075,99843.34726
0.3085,96941.00922
0.3095,99590.66496
0.3105,96228.61917
0.3115,99160.06387
0.3125,95563.99526
0.3135,98527.7986
0.3145,94951.19507
0.3155,97721.33777
0.3165,94335.8743
0.3175,96819.14092
0.3185,93634.98489
0.3195,95909.07156
0.3205,92798.9353
0.3215,95026.02552
0.3225,91860.54304
0.3235,94124.27079
0.3245,90921.02676
0.3255,93119.18248
0.3265,90075.30048
0.3275,91961.91301
0.3285,89346.7546
0.3295,90672.52867
0.3305,88694.49979
0.3315,89307.42639
0.3325,88067.92965
0.3335,87913.64545
0.3345,87436.83946
0.3355,86521.27361
0.3365,86780.90686
0.3375,85158.02222
0.3385,86078.99913
0.3395,83849.73152
0.3405,85315.54163
0.3415,82612.10278
0.3425,84484.36957
0.3435,81451.98022
0.3445,83584.11119
0.3455,80371.89676
0.3465,82616.17022
0.3475,79370.32337
0.3485,81585.02757
0.3495,78442.58043
0.3505,80496.7302
0.3515,77582.53473
0.3525,79358.37857
0.3535,76782.42991
0.3545,78178.69774
0.3555,76032.7861
0.3565,76967.94491
0.3575,75322.6722
0.3585,75737.90487
0.3595,74639.79896
0.3605,74501.63833
0.3615,73971.17243
0.3625,73272.65334
0.3635,73303.99334
0.3645,72063.97932
0.3655,72626.5887
0.3665,70887.12524
0.3675,71929.31713
0.3685,69751.24012
0.3695,71205.09924
0.3705,68662.68423
0.3715,70449.57173
0.3725,67625.01023
0.3735,69660.84546
0.3745,66639.34684
0.3755,68839.00285
0.3765,65704.95949
0.3775,67985.53722
0.3785,64819.82998
0.3795,67102.84762
0.3805,63981.13496
0.3815,66193.87179
0.3825,63185.57499
0.3835,65261.86752
0.3845,62429.54737
0.3855,64310.33477
0.3865,61709.19808
0.3875,63343.01865
0.3885,61020.41714
0.3895,62363.94106
0.3905,60358.8263
0.3915,61377.41441
0.3925,59719.7979
0.3935,60388.01533
0.3945,59098.5143
0.3955,59400.51172
0.3965,58490.07484
0.3975,58419.73636
0.3985,57889.65239
0.3995,57450.41032
0.4005,57292.68345
0.4015,56496.9451
0.4025,56695.05324
0.4035,55563.26212
0.4045,56093.24694
0.4055,54652.65626
0.4065,55484.46082
0.4075,53767.7267
0.4085,54866.67981
0.4095,52910.39395
0.4105,54238.70944
0.4115,52081.93077
0.4125,53600.0049
0.4135,51282.6425
0.4145,52949.74845
0.4155,50510.618
0.4165,52284.91169
0.4175,49760.94841
0.4185,51601.01679
0.4195,49031.49227
0.4205,50900.68844
0.4215,48331.19925
0.4225,50194.5651
0.4235,47667.75644
0.4245,49483.9856
0.4255,47034.05175
0.4265,48762.93759
0.4275,46423.45743
0.4285,48031.98729
0.4295,45838.21509
0.4305,47295.6776
0.4315,45279.67103
0.4325,46554.93602
0.4335,44742.21579
0.4345,45806.40645
0.4355,44220.67165
0.4365,45050.39542
0.4375,43714.69248
0.4385,44291.9328
0.4395,43223.85318
0.4405,43534.63292
0.4415,42746.52743
0.4425,42781.75091
0.4435,42279.74072
0.4445,42035.94684
0.4455,41819.99002
0.4465,41299.58917
0.4475,41364.06097
0.4485,40575.6257
0.4495,40908.99333
0.4505,39866.39306
0.4515,40452.25405
0.4525,39174.34103
0.4535,39991.75363
0.4545,38501.0583
0.4555,39525.83711
0.4565,37847.91988
0.4575,39053.43098
0.4585,37215.66469
0.4595,38573.98877
0.4605,36604.78814
0.4615,38087.3957
0.4625,36015.30321
0.4635,37593.82605
0.4645,35447.00978
0.4655,37093.73278
0.4665,34899.53132
0.4675,36587.71571
0.4685,34372.39233
0.4695,36076.59859
0.4705,33865.17317
0.4715,35561.30068
0.4725,33377.48037
0.4735,35042.98892
0.4745,32909.13833
0.4755,34523.09569
0.4765,32460.216
0.4775,34003.46089
0.4785,32031.19815
0.4795,33486.55101
0.4805,31623.18665
0.4815,32975.64413
0.4825,31238.05067
0.4835,32474.99697
0.4845,30878.37684
0.4855,31989.24847
0.4865,30546.03243
0.4875,31520.63648
0.4885,30237.63675
0.4895,31062.72821
0.4905,29938.11216
0.4915,30598.8505
0.4925,29635.64468
0.4935,30160.19417
0.4945,29498.42851
0.4955,30297.67538
0.4965,30585.28846
0.4975,31181.96227
0.4985,30059.09416
0.4995,29387.32448
0.5005,29433.22145
0.5015,31186.49851
0.5025,31676.84388
0.5035,29272.73633
0.5045,29159.70715
0.5055,18560.96319
0.5065,26216.65791
0.5075,32117.58642
0.5085,28320.33891
0.5095,32489.04624
0.5105,28176.36354
0.5115,32190.37025
0.5125,28766.17725
0.5135,31440.98644
0.5145,29477.60237
0.5155,30839.90573
0.5165,29926.00542
0.5175,30526.0928
0.5185,30133.67486
0.5195,30391.30094
0.5205,30220.02818
0.5215,30336.18177
0.5225,30257.22678
0.5235,30313.56694
0.5245,30275.3435
0.5255,30304.66747
0.5265,30285.86965
0.5275,30302.42714
0.5285,30293.49215
0.5295,30303.59327
0.5305,30299.9159
0.5315,30306.84773
0.5325,30306.07807
0.5335,30311.339
0.5345,30312.33653
0.5355,30316.7299
0.5365,30318.60805
0.5375,30322.46481
0.5385,30324.83685
0.5395,30328.35102
0.5405,30330.97236
0.5415,30334.13618
0.5425,30336.59218
0.5435,30339.42868
0.5445,30341.79717
0.5455,30344.19058
0.5465,30346.14145
0.5475,30347.98132
0.5485,30349.42406
0.5495,30350.67461
0.5505,30351.4461
0.5515,30351.90873
0.5525,30351.92195
0.5535,30351.50453
0.5545,30350.67887
0.5555,30349.46518
0.5565,30347.83994
0.5575,30345.84825
0.5585,30343.46788
0.5595,30340.66561
0.5605,30337.51453
0.5615,30334.09377
0.5625,30330.40635
0.5635,30326.50742
0.5645,30322.48123
0.5655,30318.35899
0.5665,30314.17828
0.5675,30310.0203
0.5685,30305.94123
0.5695,30302.01159
0.5705,30298.2129
0.5715,30294.60505
0.5725,30291.24056
0.5735,30288.1538
0.5745,30285.33314
0.5755,30282.85377
0.5765,30280.75492
0.5775,30279.03022
0.5785,30277.57553
0.5795,30276.47165
0.5805,30275.7908
0.5815,30275.49084
0.5825,30275.48837
0.5835,30275.71273
0.5845,30276.23649
0.5855,30277.11217
0.5865,30278.24916
0.5875,30279.55501
0.5885,30281.02887
0.5895,30282.69897
0.5905,30284.60359
0.5915,30286.64783
0.5925,30288.76424
0.5935,30290.95878
0.5945,30293.17401
0.5955,30295.4329
0.5965,30297.62122
0.5975,30299.7414
0.5985,30301.72674
0.5995,30303.64263
0.6005,30305.43551
0.6015,30307.06217
0.6025,30308.57482
0.6035,30309.89649
0.6045,30311.02428
0.6055,30311.97461
0.6065,30312.74662
0.6075,30313.34775
0.6085,30313.73733
0.6095,30313.95699
0.6105,30313.98294
0.6115,30313.80702
0.6125,30313.52288
0.6135,30313.11035
0.6145,30312.5451
0.6155,30311.85509
0.6165,30311.09998
0.6175,30310.31956
0.6185,30309.51349
0.6195,30308.6927
0.6205,30307.87897
0.6215,30307.13715
0.6225,30306.38784
0.6235,30305.69537
0.6245,30305.0376
0.6255,30304.47341
0.6265,30304.03578
0.6275,30303.70377
0.6285,30303.54841
0.6295,30303.56192
0.6305,30303.67374
0.6315,30303.8964
0.6325,30304.35736
0.6335,30305.0177
0.6345,30305.97228
0.6355,30307.09364
0.6365,30308.29022
0.6375,30309.42924
0.6385,30310.39565
0.6395,30311.00162
0.6405,30311.25927
0.6415,30311.25871
0.6425,30311.3397
0.6435,30311.72478
0.6445,30312.59903
0.6455,30314.09042
0.6465,30316.20971
0.6475,30318.81677
0.6485,30321.73592
0.6495,30324.69383
0.6505,30327.51526
0.6515,30330.10046
0.6525,30332.42268
0.6535,30334.42025
0.6545,30336.12085
0.6555,30337.52599
0.6565,30338.65734
0.6575,30339.62728
0.6585,30340.44409
0.6595,30341.11305
0.6605,30341.61448
0.6615,30341.88057
0.6625,30341.99993
0.6635,30342.00716
0.6645,30341.84719
0.6655,30341.54367
0.6665,30341.05576
0.6675,30340.37534
0.6685,30339.58339
0.6695,30338.599
0.6705,30337.51578
0.6715,30336.18801
0.6725,30334.69332
0.6735,30333.06224
0.6745,30331.3747
0.6755,30329.50308
0.6765,30327.50478
0.6775,30325.41797
0.6785,30323.2577
0.6795,30321.00855
0.6805,30318.70853
0.6815,30316.36582
0.6825,30314.03024
0.6835,30311.66981
0.6845,30309.31773
0.6855,30306.97516
0.6865,30304.72164
0.6875,30302.48137
0.6885,30300.33725
0.6895,30298.25926
0.6905,30296.27518
0.6915,30294.43864
0.6925,30292.7034
0.6935,30291.16804
0.6945,30289.70858
0.6955,30288.4534
0.6965,30287.36175
0.6975,30286.41465
0.6985,30285.63739
0.6995,30284.9779
0.7005,30284.50205
0.7015,30284.23581
0.7025,30284.07262
0.7035,30284.03367
0.7045,30284.13375
0.7055,30284.27495
0.7065,30284.60962
0.7075,30285.10506
0.7085,30285.62084
0.7095,30286.1854
0.7105,30286.72035
0.7115,30287.39796
0.7125,30288.29482
0.7135,30289.28419
0.7145,30290.15981
0.7155,30291.13067
0.7165,30292.222
0.7175,30293.30958
0.7185,30294.39396
0.7195,30295.4867
0.7205,30296.57767
0.7215,30297.6507
0.7225,30298.58144
0.7235,30299.55361
0.7245,30300.39819
0.7255,30301.32827
0.7265,30302.34729
0.7275,30303.39579
0.7285,30304.40523
0.7295,30305.17638
0.7305,30305.84501
0.7315,30306.54929
0.7325,30307.24132
0.7335,30307.82984
0.7345,30308.43056
0.7355,30309.0301
0.7365,30309.44391
0.7375,30309.83156
0.7385,30310.21432
0.7395,30310.45946
0.7405,30310.59577
0.7415,30310.64441
0.7425,30310.66614
0.7435,30310.85019
0.7445,30311.00818
0.7455,30310.6149
0.7465,30310.18924
0.7475,30310.66109
0.7485,30311.35893
0.7495,30310.65425
0.7505,30309.0003
0.7515,30309.50582
0.7525,30312.64874
0.7535,30312.62685
0.7545,30306.30281
0.7555,30303.51009
0.7565,30314.06262
0.7575,30323.31755
0.7585,30307.23528
0.7595,30283.71023
0.7605,30304.54952
0.7615,30357.05545
0.7625,30339.38843
0.7635,30234.92226
0.7645,30226.98352
0.7655,30419.59458
0.7665,30510.91274
0.7675,30187.24961
0.7685,29886.01564
0.7695,30365.99276
0.7705,31108.08612
0.7715,30475.71995
0.7725,28781.01659
0.7735,29123.09765
0.7745,32183.71927
0.7755,32132.08304
0.7765,24902.52954
0.7775,16202.74184
0.7785,11694.39901
0.7795,10371.38751
0.7805,10076.42443
0.7815,10015.5038
0.7825,10003.13588
0.7835,10000.63391
0.7845,10000.12813
0.7855,10000.0259
0.7865,10000.00523
0.7875,10000.00106
0.7885,10000.00021
0.7895,10000.00004
0.7905,10000.00001
0.7915,10000
0.7925,10000
0.7935,10000
0.7945,10000
0.7955,10000
0.7965,10000
0.7975,10000
0.7985,10000
0.7995,10000
0.8005,10000
0.8015,10000
0.8025,10000
0.8035,10000
0.8045,10000
0.8055,10000
0.8065,10000
0.8075,10000
0.8085,10000
0.8095,10000
0.8105,10000
0.8115,10000
0.8125,10000
0.8135,10000
0.8145,10000
0.8155,10000
0.8165,10000
0.8175,10000
0.8185,10000
0.8195,10000
0.8205,10000
0.8215,10000
0.8225,10000
0.8235,10000
0.8245,10000
0.8255,10000
0.8265,10000
0.8275,10000
0.8285,10000
0.8295,10000
0.8305,10000
0.8315,10000
0.8325,10000
0.8335,10000
0.8345,10000
0.8355,10000
0.8365,10000
0.8375,10000
0.8385,10000
0.8395,10000
0.8405,10000
0.8415,10000
0.8425,10000
0.8435,10000
0.8445,10000
0.8455,10000
0.8465,10000
0.8475,10000
0.8485,10000
0.8495,10000
0.8505,10000
0.8515,10000
0.8525,10000
0.8535,10000
0.8545,10000
0.8555,10000
0.8565,10000
0.8575,10000
0.8585,10000
0.8595,10000
0.8605,10000
0.8615,10000
0.8625,10000
0.8635,10000
0.8645,10000
0.8655,10000
0.8665,10000
0.8675,10000
0.8685,10000
0.8695,10000
0.8705,10000
0.8715,10000
0.8725,10000
0.8735,10000
0.8745,10000
0.8755,10000
0.8765,10000
0.8775,10000
0.8785,10000
0.8795,10000
0.8805,10000
0.8815,10000
0.8825,10000
0.8835,10000
0.8845,10000
0.8855,10000
0.8865,10000
0.8875,10000
0.8885,10000
0.8895,10000
0.8905,10000
0.8915,10000
0.8925,10000
0.8935,10000
0.8945,10000
0.8955,10000
0.8965,10000
0.8975,10000
0.8985,10000
0.8995,10000
0.9005,10000
0.9015,10000
0.9025,10000
0.9035,10000
0.9045,10000
0.9055,10000
0.9065,10000
0.9075,10000
0.9085,10000
0.9095,10000
0.9105,10000
0.9115,10000
0.9125,10000
0.9135,10000
0.9145,10000
0.9155,10000
0.9165,10000
0.9175,10000
0.9185,10000
0.9195,10000
0.9205,10000
0.9215,10000
0.9225,10000
0.9235,10000
0.9245,10000
0.9255,10000
0.9265,10000
0.9275,10000
0.9285,10000
0.9295,10000
0.9305,10000
0.9315,10000
0.9325,10000
0.9335,10000
0.9345,10000
0.9355,10000
0.9365,10000
0.9375,10000
0.9385,10000
0.9395,10000
0.9405,10000
0.9415,10000
0.9425,10000
0.9435,10000
0.9445,10000
0.9455,10000
0.9465,10000
0.9475,10000
0.9485,10000
0.9495,10000
0.9505,10000
0.9515,10000
0.9525,10000
0.9535,10000
0.9545,10000
0.9555,10000
0.9565,10000
0.9575,10000
0.9585,10000
0.9595,10000
0.9605,10000
0.9615,10000
0.9625,10000
0.9635,10000
0.9645,10000
0.9655,10000
0.9665,10000
0.9675,10000
0.9685,10000
0.9695,10000
0.9705,10000
0.9715,10000
0.9725,10000
0.9735,10000
0.9745,10000
0.9755,10000
0.9765,10000
0.9775,10000
0.9785,10000
0.9795,10000
0.9805,10000
0.9815,10000
0.9825,10000
0.9835,10000
0.9845,10000
0.9855,10000
0.9865,10000
0.9875,10000
0.9885,10000
0.9895,10000
0.9905,10000
0.9915,10000
0.9925,10000
0.9935,10000
0.9945,10000
0.9955,10000
0.9965,10000
0.9975,10000
0.9985,10000
0.9995,10000
