radius_m,ux_m_s,poiseuille_ux_m_s,annulus_area_m2,mass_flow_kg_s
0.00166508037,1.884458447,1.9977820058891524,1.9634954084936207e-05,3.7001255081815195e-05
0.00388518753,1.878553515,1.987924254285386,5.890486225480863e-05,0.00011065593603936157
0.006327305406,1.865399033,1.9679721650393625,9.817477042468108e-05,0.0001831351218151971
0.008801139099,1.844969572,1.9380319604480427,0.0001374446785945534,0.0002535812498402707
0.01128554473,1.816803528,1.8981091841177353,0.00017671458676442594,0.0003210556846826711
0.01377475579,1.780288335,1.8482048823406891,0.00021598449493429842,0.00038451467687239805
0.01626655438,1.734729869,1.7883193668820023,0.0002552544031041706,0.000442797437258571
0.0187599055,1.679407583,1.7184527565048557,0.000294524311274043,0.0004946263617314802
0.0212542612,1.613624902,1.6386051046737395,0.00033379421944391535,0.0005386186646383544
0.02374930423,1.536753649,1.5487764388727234,0.0003730641276137884,0.0005733076594214909
0.02624483822,1.448269358,1.448966773444822,0.0004123340357836606,0.000597170749285951
0.02874073508,1.347774846,1.3391761176490062,0.0004516039439535331,0.0006086604360149657
0.03123690774,1.235010606,1.2194044758741827,0.0004908738521234046,0.0006062344135804802
0.03373329491,1.10985206,1.0896518516119744,0.0005301437602932778,0.0005883811444576405
0.03622985219,0.972295159,0.9499182482326018,0.0005694136684631493,0.000553638153315151
0.03872654667,0.8224329564,0.8002036664130494,0.0006086835766330229,0.0005006014334424229
0.04122335341,0.6604263637,0.6405081069073932,0.0006479534848028957,0.0004279255638151196
0.04372025315,0.4864721529,0.47083157159993205,0.0006872233929727658,0.0003343150435027041
0.04621723081,0.3007705236,0.29117406100414955,0.00072649330114264,0.00021850777057656434
0.04871427441,0.1034943799,0.10153557496577559,0.0007657632093125135,7.92521884980325e-05
