iteration,cd,cl
0,0.0005989236456,-3.577393788e-05
1,0.003925028494,0.004806095736
2,0.03378383689,0.04998160559
3,0.06713254626,0.09421645964
4,0.09205108031,0.1191366784
5,0.1134276621,0.1167026623
6,0.131566005,0.09971199739
7,0.1485217701,0.06629099313
8,0.1621087672,0.02911820481
9,0.1724632105,-0.003089390041
10,0.1806518206,-0.01304164133
11,0.1875390298,0.006707235335
12,0.1934521737,0.05838482999
13,0.1983470635,0.1380185918
14,0.2018616554,0.231728929
15,0.2025964308,0.3134093656
16,0.2012336477,0.3774550907
17,0.1987497945,0.4311337232
18,0.1958636766,0.4714414144
19,0.193543723,0.490384742
20,0.1925929665,0.4730572588
21,0.192928853,0.4246481587
22,0.1939666866,0.3423050735
23,0.1955626293,0.2418028944
24,0.198011306,0.139837377
25,0.2014981853,0.04947369624
26,0.2061949875,-0.02307679216
27,0.2121339777,-0.07532189879
28,0.2184442116,-0.1104991283
29,0.2241285923,-0.1295347556
30,0.229097508,-0.129444984
31,0.2330810609,-0.09980098117
32,0.2363552306,-0.0259227971
33,0.2392634991,0.06739168969
34,0.2419887558,0.1676560108
35,0.2443521274,0.2606992977
36,0.2455627942,0.3389430698
37,0.2448456376,0.3963348761
38,0.2420540573,0.4289632465
39,0.2387393349,0.4480951568
40,0.2353196178,0.453057939
41,0.2322179306,0.4368472978
42,0.2297488296,0.3957598485
43,0.2277313564,0.3371327444
44,0.2258544994,0.2632690932
45,0.2244981352,0.1895874301
46,0.2241035503,0.1242291052
47,0.2241735829,0.07271405361
48,0.2253178615,0.04035183907
49,0.2280613148,0.02636343408
50,0.2316249686,0.02807604654
51,0.2357324057,0.04287480447
52,0.2404157078,0.07139980514
53,0.2456530937,0.1131531664
54,0.251074202,0.1684479259
55,0.2564323473,0.229524148
56,0.2613963474,0.289429116
57,0.2652913295,0.3413058615
58,0.267587152,0.3809464682
59,0.268065329,0.4051295641
60,0.2677870327,0.4235754277
61,0.2665163389,0.4334692279
62,0.2644766516,0.436805543
63,0.2619346615,0.4314644679
64,0.2588171493,0.4174581309
65,0.2554584137,0.3960320775
66,0.2524157027,0.3693138491
67,0.2499404481,0.3401192077
68,0.2480572544,0.311616956
69,0.2465022964,0.2878212271
70,0.2457902499,0.2674997938
71,0.2462295357,0.2541166691
72,0.2483359662,0.243272325
73,0.2525698004,0.234214833
74,0.257380869,0.2306445009
75,0.2621515623,0.2337840768
76,0.2693102167,0.2503341866
77,0.2732960657,0.2663575976
78,0.2760499258,0.2858955363
79,0.2773771729,0.3069503554
80,0.2778453961,0.32907806
81,0.2767722151,0.3531177738
82,0.2751296012,0.3814431389
83,0.2742139215,0.4085674686
84,0.2747525682,0.4322366645
85,0.2766685863,0.4496945851
86,0.2786981989,0.4582919495
87,0.2810407743,0.4607380911
88,0.2835635472,0.4577985253
89,0.2853631932,0.4517538269
90,0.2878489452,0.4433885651
91,0.2908025091,0.4332790461
92,0.2931273397,0.4185350521
93,0.2949909556,0.4041640069
94,0.2955997501,0.3917344415
95,0.2954481345,0.3820880334
96,0.2943942617,0.3760385755
97,0.2928077834,0.3758798968
98,0.2908795424,0.3788817126
99,0.2889514997,0.3838324546
100,0.2870592732,0.3903809743
101,0.2854025656,0.3989720492
102,0.2839931375,0.4100149369
103,0.2837207828,0.4228010467
104,0.2845433574,0.4365096545
105,0.2860463705,0.4504766593
106,0.288691598,0.4638400572
107,0.2911320631,0.4760577113
108,0.2935008023,0.4865324956
109,0.2950269986,0.493325752
110,0.2962120847,0.4993396829
111,0.2973395988,0.5046332354
112,0.2977821835,0.5092441501
113,0.2980588154,0.5127930001
114,0.2967524098,0.5119555155
115,0.2944525393,0.507707172
116,0.2914483877,0.5010284371
117,0.2879188769,0.493543521
118,0.2842148982,0.4865031152
119,0.2812683134,0.4805499821
120,0.2788273159,0.4780363181
121,0.2761225498,0.4745268504
122,0.2741937133,0.4722357855
123,0.2728141027,0.4712592296
124,0.272279553,0.4718711419
125,0.2727809271,0.474461451
126,0.2741035247,0.4791425994
127,0.2760640837,0.4859013534
128,0.2789972991,0.4943243869
129,0.2819438061,0.5036010922
130,0.2848859176,0.5125823604
131,0.2867293779,0.5186963806
132,0.2890758459,0.5256940551
133,0.2906262644,0.531918564
134,0.2916593275,0.5373477178
135,0.2925930648,0.5418162142
136,0.2927850208,0.5451985793
137,0.2926114334,0.5473281059
138,0.2919159737,0.5480632338
139,0.2911017258,0.5472506653
140,0.2901711824,0.5464947641
141,0.2896091751,0.545500849
142,0.2883353049,0.5437816543
143,0.2870243012,0.5407066634
144,0.2848451609,0.5350962623
145,0.2826785151,0.529982039
146,0.2802515122,0.5254664015
147,0.2785674313,0.5246872392
148,0.2774918268,0.5283510029
149,0.2769323753,0.5362773144
150,0.2768066186,0.5476318155
151,0.2771484852,0.5612108201
152,0.2767875298,0.5747968073
153,0.2761318434,0.5869778667
154,0.2754265922,0.5967925948
155,0.2748280601,0.6039377838
156,0.273890123,0.6095020953
157,0.272874604,0.6119288231
158,0.2714582041,0.6102829921
159,0.2696135231,0.5964092004
160,0.2680695079,0.5793107406
161,0.2666968806,0.5618158174
162,0.2659840172,0.5468809565
163,0.2661737223,0.5381517572
164,0.2664901238,0.532958895
165,0.267289618,0.5292323298
166,0.2681994754,0.5271255663
167,0.2693289034,0.5289610091
168,0.270339111,0.5341652592
169,0.2713862104,0.5515956832
170,0.2724852706,0.5722541593
171,0.2727009876,0.594482148
172,0.2723059292,0.6162276201
173,0.2713663886,0.635373337
174,0.2698396434,0.6501062705
175,0.2678032216,0.6596312702
176,0.2659658847,0.664844823
177,0.2640553474,0.6665833291
178,0.2621444728,0.664707663
179,0.2601452034,0.6587692267
180,0.2582685527,0.6485573293
181,0.2568525845,0.6345475459
182,0.2559763526,0.618221389
183,0.2555757237,0.6017958535
184,0.2558397127,0.5874340423
185,0.2565307335,0.5796761775
186,0.257332298,0.5743198145
187,0.258195042,0.5710739317
188,0.2593928194,0.5697724703
189,0.2604029705,0.5708577484
190,0.2613722686,0.5776086052
191,0.2618057149,0.5890642535
192,0.2616623277,0.6029013989
193,0.2611452865,0.6175598902
194,0.2600667642,0.6313663499
195,0.2588094146,0.6428954349
196,0.2575839387,0.6502671379
197,0.2562490037,0.6550355588
198,0.2550252648,0.6577771406
199,0.2540159724,0.65880945
200,0.2532122173,0.6581980783
201,0.252739697,0.6560080505
202,0.2527906099,0.6515678399
203,0.2530138495,0.6468995328
204,0.2535589227,0.6425857483
205,0.253908028,0.6405592303
206,0.2544456049,0.6391448475
207,0.2549911034,0.6380452485
208,0.2555462072,0.6368940266
209,0.2557668584,0.6359867848
210,0.2551045017,0.6341369693
211,0.2542027027,0.6328632573
212,0.2527441663,0.6323261409
213,0.2509608016,0.6326715858
214,0.2489756425,0.6340845726
215,0.2472599364,0.6363788149
216,0.246162192,0.6392707993
217,0.2450054587,0.6424084345
218,0.2440159003,0.6458787929
219,0.2433457295,0.6495287169
220,0.2430047876,0.6536914292
221,0.2431550141,0.6585208124
222,0.2436577311,0.6632115074
223,0.2440554692,0.6666818249
224,0.2443596506,0.668975827
225,0.2447022912,0.6704074536
226,0.2448436917,0.6710675784
227,0.2449894194,0.6706669377
228,0.2449122007,0.6691472163
229,0.244287338,0.6661806704
230,0.2433199299,0.6625579548
231,0.2418210987,0.6586040339
232,0.2402569929,0.6550931804
233,0.2385900608,0.6529140668
234,0.2370023972,0.6523693143
235,0.2357615501,0.6534542539
236,0.2349853086,0.6557536499
237,0.2342767214,0.6590884158
238,0.2337211672,0.663381742
239,0.2333166582,0.6684832718
240,0.2329911447,0.6745043725
241,0.232905309,0.6805379695
242,0.2328421279,0.6861221789
243,0.2328714274,0.690358861
244,0.2329179294,0.6936078233
245,0.2327605529,0.6951791385
246,0.2323831833,0.6949038288
247,0.2317473673,0.6929316613
248,0.2308208333,0.6896019079
249,0.2296203223,0.6853218658
250,0.2281559751,0.6803565536
251,0.2265934128,0.6761712562
252,0.2249860307,0.6729987029
253,0.2234299186,0.6712185648
254,0.2220793664,0.6709542174
255,0.2210184061,0.6722020479
256,0.2200910629,0.6746340968
257,0.2192884884,0.678053291
258,0.2185437873,0.6823189264
259,0.217949725,0.6869260354
260,0.2175108202,0.6915065965
261,0.2171706983,0.6956862015
262,0.2168690068,0.6992368214
263,0.2165918857,0.7018063939
264,0.2162688118,0.7033360383
265,0.2157309206,0.7032678772
266,0.2149759863,0.7019950791
267,0.214038843,0.6999561043
268,0.212877226,0.6972592193
269,0.2115484377,0.6943753899
270,0.210072971,0.6916699248
271,0.2085172059,0.6893967728
272,0.2069519912,0.6878879871
273,0.2054923863,0.687334571
274,0.2041785083,0.6877398062
275,0.203036735,0.6888944184
276,0.2020187579,0.6904272905
277,0.2011673773,0.6920084713
278,0.2004907446,0.6938149408
279,0.1999874805,0.6956553537
280,0.1996032537,0.697476876
281,0.1993081469,0.6992697806
282,0.1990101463,0.7009501375
283,0.1985929815,0.7023636478
284,0.1980311152,0.7033580666
285,0.1972233857,0.7035250499
286,0.196237201,0.7031837022
287,0.1950626996,0.7022522862
288,0.1937625227,0.7011648204
289,0.1923741614,0.6999992681
290,0.1909131072,0.6988060056
291,0.1894689545,0.6977469319
292,0.1880804801,0.6968597724
293,0.1867802698,0.6960784587
294,0.1855950644,0.6951826627
295,0.1845593859,0.6943106404
296,0.1837030426,0.6934892037
297,0.182987219,0.6926862458
298,0.1824256909,0.6922100581
299,0.1820081295,0.6921702338
300,0.1816681441,0.6930051602
301,0.1813460373,0.6946580976
302,0.1809132959,0.6967389145
303,0.1803138235,0.6987223999
304,0.1796265635,0.7011025279
305,0.1786998492,0.7026793268
306,0.1775997684,0.7036078477
307,0.1763403413,0.7034822109
308,0.1749688554,0.7028067001
309,0.1735523684,0.7015020928
310,0.1721299754,0.6997868377
311,0.1707131172,0.6978574996
312,0.1694054276,0.6957957652
313,0.1681344495,0.6925801775
314,0.1670235173,0.6892971727
315,0.1661891888,0.6872614936
316,0.1655133861,0.6854114638
317,0.1649595571,0.6839990547
318,0.1645315004,0.683328798
319,0.1642450577,0.683958381
320,0.1639932076,0.6859607715
321,0.1637099833,0.688925214
322,0.1633499114,0.6925998673
323,0.1627853418,0.6961724069
324,0.1620129414,0.6992541521
325,0.160976937,0.7009245693
326,0.1597361173,0.7013030442
327,0.1583739542,0.700642275
328,0.1569374627,0.6991246582
329,0.1554427433,0.6969002256
330,0.1539462525,0.6939498504
331,0.1525431543,0.6905564316
332,0.151238623,0.6867010148
333,0.150093361,0.6824241627
334,0.1491735044,0.678419106
335,0.1484620765,0.675242429
336,0.1479672117,0.6733077676
337,0.1476542006,0.6725472125
338,0.1474613673,0.6736041632
339,0.1473593811,0.6762955843
340,0.1473131481,0.6804749863
341,0.1471820386,0.6856529688
342,0.1469171952,0.6912988537
343,0.1463229794,0.6955556793
344,0.1454118454,0.6982631559
345,0.1442140268,0.6989439144
346,0.1428376831,0.6979320733
347,0.1413286194,0.6957280657
348,0.1397435565,0.6925132779
349,0.1381511563,0.6884661212
350,0.1366194075,0.6838023755
351,0.1351892328,0.6784650039
352,0.1339451442,0.6729277613
353,0.1329520659,0.668036683
354,0.1322848189,0.6647951243
355,0.1318696801,0.662802045
356,0.1316500452,0.6621372324
357,0.131613612,0.6633416672
358,0.1317530263,0.6667774389
359,0.1319503495,0.6723143005
360,0.1320779443,0.6788614455
361,0.1319590632,0.6849688525
362,0.1314983956,0.6898909338
363,0.1306699802,0.692838647
364,0.1295212848,0.6935627978
365,0.1281610926,0.6925034227
366,0.1266587967,0.6901758598
367,0.1250999687,0.6867644592
368,0.1234499478,0.6822182205
369,0.1218361315,0.6766357643
370,0.120340635,0.6707002622
371,0.1190630428,0.665020153
372,0.1180464003,0.6600037599
373,0.117396722,0.6563445818
374,0.1170106505,0.6542013081
375,0.1168984618,0.6535865418
376,0.1170277255,0.655094655
377,0.1172915813,0.6586262588
378,0.1176497582,0.6640234143
379,0.11789161,0.6701749022
380,0.1179155783,0.6763664853
381,0.1176091482,0.681770748
382,0.1169482456,0.68528496
383,0.1159579936,0.6874381308
384,0.1146776481,0.6870358594
385,0.1132174581,0.6848767336
386,0.1116178436,0.6812379414
387,0.1099466296,0.6764127401
388,0.1082575526,0.6707112031
389,0.1067350677,0.664493443
390,0.1053650088,0.6582447653
391,0.1043084512,0.6526634669
392,0.1036093836,0.6483631719
393,0.1032694876,0.6458879378
394,0.1032209079,0.6455921073
395,0.1034138275,0.646798391
396,0.1037870366,0.6498628782
397,0.1042190381,0.6547765239
398,0.1046353882,0.6611124281
399,0.1048282509,0.6677421059
400,0.1048017884,0.6737825981
401,0.1043361427,0.6784743258
402,0.1034744983,0.6812000952
403,0.1023648331,0.6813284675
404,0.1009333683,0.6793119197
405,0.09932448074,0.6759117536
406,0.09771521935,0.6713192136
407,0.09595725843,0.6654783259
408,0.0943040513,0.6589344816
409,0.09291323916,0.6521716207
410,0.09173201458,0.6460585357
411,0.09099247068,0.6409054668
412,0.0905443532,0.6374386737
413,0.09040988733,0.6361868301
414,0.09076025836,0.6369414033
415,0.09116972153,0.6401644558
416,0.09173377381,0.6453852619
417,0.09233553923,0.6521578715
418,0.0928440392,0.6596648897
419,0.0930286745,0.666524982
420,0.09282712031,0.6724305212
421,0.09218930478,0.6759299268
422,0.09125139264,0.6761708241
423,0.08987067707,0.6745029324
424,0.08841804709,0.6712243105
425,0.08671175382,0.6665659361
426,0.0849317597,0.6604904931
427,0.083270038,0.6533752277
428,0.08175745901,0.6460514188
429,0.0805040905,0.639395406
430,0.07965232468,0.6334456801
431,0.07913722371,0.629467575
432,0.0790307607,0.6278146037
433,0.0794721942,0.6283638973
434,0.0799109502,0.6312502393
435,0.08050670398,0.6364562647
436,0.08130714688,0.6434398266
437,0.08192820024,0.6513156369
438,0.08237344012,0.6586256894
439,0.08252975299,0.6650098258
440,0.08209023113,0.6688047855
441,0.0811358655,0.6699424666
442,0.07999607046,0.6686506173
443,0.07858617818,0.6656312326
444,0.07698497356,0.6611217079
445,0.07531173668,0.6551174752
446,0.07365059746,0.6478722116
447,0.07200487739,0.6402534808
448,0.07077418438,0.6331780886
449,0.06980120838,0.6269365269
450,0.06923583249,0.622464205
451,0.0691393734,0.6200704808
452,0.06937509359,0.6201639204
453,0.06993174036,0.6225401609
454,0.07077528208,0.6273376607
455,0.07164869152,0.6342285421
456,0.07237203565,0.642164309
457,0.07296914066,0.6497860748
458,0.07324158251,0.6564630799
459,0.07308048342,0.6608297012
460,0.07245299051,0.662772399
461,0.07146282351,0.6619293204
462,0.07011430288,0.6592718306
463,0.06859606243,0.6549738494
464,0.06692777061,0.6490850493
465,0.06515146588,0.6419850947
466,0.06360728457,0.634200307
467,0.06228368769,0.627011599
468,0.06129633827,0.6203193638
469,0.06068769525,0.6152478847
470,0.06052756157,0.6121563545
471,0.06079362725,0.6119049526
472,0.06127937516,0.6138008884
473,0.06211533043,0.6181091679
474,0.06316039009,0.6247313746
475,0.06402792911,0.6325843214
476,0.06481012283,0.6403390039
477,0.06524750217,0.6471949424
478,0.06529496837,0.6524434298
479,0.06481593494,0.6551284364
480,0.06395635981,0.6546675133
481,0.06269062147,0.6522650632
482,0.0612651163,0.6481358114
483,0.05957579304,0.6424931028
484,0.05797228178,0.635509369
485,0.05635414152,0.6276023942
486,0.05491662454,0.620052237
487,0.05390309021,0.6128723975
488,0.05330795695,0.6073437827
489,0.05310050737,0.6037797786
490,0.05332833052,0.6030403002
491,0.05382509403,0.6047100265
492,0.0547853337,0.6087817438
493,0.05591695614,0.6152800292
494,0.05693053731,0.6230679094
495,0.05787533911,0.6311018702
496,0.05855060712,0.6383322721
497,0.05871228175,0.6440779266
498,0.05827361993,0.6470886367
499,0.05760009988,0.6468530111
500,0.05646309755,0.6446224861
501,0.05516236208,0.6406469644
502,0.05354336686,0.6350590814
503,0.05192264458,0.628064961
504,0.05023985465,0.6201890853
505,0.04875907455,0.6123429134
506,0.04765493985,0.6046943896
507,0.04720597336,0.5988983769
508,0.04693053422,0.5952807633
509,0.04721571581,0.5942634773
510,0.04772596336,0.5957894856
511,0.04877348263,0.5997724522
512,0.04975880475,0.6059076075
513,0.05086748214,0.6135161087
514,0.05198834762,0.6215217689
515,0.05276074424,0.6292347743
516,0.05312941149,0.6352304682
517,0.05298408486,0.6384895228
518,0.05225556861,0.6386423788
519,0.05115821068,0.6365547611
520,0.04986043678,0.6326908041
521,0.04836881679,0.6272171997
522,0.04677991044,0.620192139
523,0.04518796706,0.6121152408
524,0.04371077115,0.6040964343
525,0.04253776907,0.5962244567
526,0.04198425346,0.5902248473
527,0.04173393737,0.5863837735
528,0.04206662619,0.5853775733
529,0.04260249932,0.5869574494
530,0.0435842246,0.5908289222
531,0.04468129479,0.5968205183
532,0.04597364765,0.6041032129
533,0.04721413415,0.6121887261
534,0.04799654185,0.6195736801
535,0.04835910173,0.6257721151
536,0.04837664705,0.6294627637
537,0.04776483964,0.6298367076
538,0.0468071673,0.627928462
539,0.0456474855,0.624229824
540,0.0442964144,0.6188658946
541,0.04259723565,0.6119765569
542,0.04091950399,0.6039246518
543,0.03960193916,0.5958228391
544,0.03844252756,0.5878554563
545,0.03790010585,0.581719253
546,0.03763074305,0.5775136165
547,0.03783025975,0.5765729586
548,0.03844961075,0.5781456971
549,0.03935160981,0.5819397024
550,0.04076588958,0.587692281
551,0.04208676959,0.5948529866
552,0.04320227986,0.6029860201
553,0.04401298694,0.6104274922
554,0.04459503174,0.6166861747
555,0.04466874272,0.6204885467
556,0.04415111158,0.6210126351
557,0.04355016013,0.6192034233
558,0.04223391192,0.6156719253
559,0.04088459364,0.6105105143
560,0.03927692767,0.6036340638
561,0.03758960234,0.5955893686
562,0.03635199881,0.5874753996
563,0.03521575453,0.5794735489
564,0.03450373468,0.5733250654
565,0.03431029163,0.5692182652
566,0.03447578767,0.5682169614
567,0.03527006742,0.5697293304
568,0.03620642325,0.573417285
569,0.03741532987,0.5789379655
570,0.0387696343,0.5861268933
571,0.04009455338,0.5938951235
572,0.04105543117,0.6013804528
573,0.04168117035,0.6079182794
574,0.0417476377,0.6118687146
575,0.04143462491,0.6125237934
576,0.04060088402,0.6108732642
577,0.03957227513,0.6074321699
578,0.038171315,0.602381846
579,0.03671148161,0.5955476975
580,0.03512867476,0.5875507343
581,0.03369501716,0.5794560603
582,0.03260271319,0.5714826543
583,0.03196167745,0.565278412
584,0.03161570423,0.5611654633
585,0.03200107869,0.5601658698
586,0.03268230266,0.5617338685
587,0.0337233561,0.5653508241
588,0.03502840482,0.5707657398
589,0.03637652396,0.5779282958
590,0.0376836409,0.5856258841
591,0.0387197843,0.5930848582
592,0.03953847888,0.5995977329
593,0.03964377063,0.6035822928
594,0.03924476392,0.6043098282
595,0.03858797462,0.6027381544
596,0.03750722957,0.599398683
597,0.03616346891,0.594428719
598,0.03486937306,0.587698376
599,0.03317219843,0.5798337815
600,0.03188422797,0.5717828114
601,0.03062418769,0.5639127826
602,0.03000908097,0.5577278316
603,0.02988235312,0.5536251464
604,0.03013211455,0.5526662717
605,0.03085525831,0.554235303
606,0.03193818977,0.5577065502
607,0.03314648771,0.5629811168
608,0.03451465783,0.5698836015
609,0.03587334283,0.5775891552
610,0.03720782681,0.5850981845
611,0.03771906621,0.5917454228
612,0.03805623098,0.5960116546
613,0.03764904177,0.5968467708
614,0.03729174929,0.5953556763
615,0.03605481519,0.5921106837
616,0.03471626388,0.5871651909
617,0.0333370217,0.5804364248
618,0.03193021953,0.572562348
619,0.03048535983,0.5645197916
620,0.02934041513,0.5566355603
621,0.02860479168,0.550425506
622,0.02849996581,0.5463600142
623,0.02872349267,0.5454349882
624,0.02957876287,0.5469792262
625,0.03055438738,0.5504282486
626,0.03194668611,0.5557427434
627,0.03323886865,0.562646403
628,0.03470052106,0.5703331508
629,0.03576091209,0.577851258
630,0.03672948386,0.5844510741
631,0.03685330881,0.5887735074
632,0.03670695697,0.5896407236
633,0.03600969744,0.5882586035
634,0.03513771652,0.5850436845
635,0.03376218927,0.5800150604
636,0.03235336891,0.5733626932
637,0.03079662451,0.5656354078
638,0.02956771904,0.5576771367
639,0.02844534891,0.5498914629
640,0.02789497195,0.5435416534
641,0.02753116696,0.5396634346
642,0.02783850674,0.5388486653
643,0.02869692213,0.5404444207
644,0.02982086903,0.5438999036
645,0.03099033731,0.5492238281
646,0.03259685522,0.5560696147
647,0.03391605522,0.5638594046
648,0.03493386919,0.5712611643
649,0.03586156134,0.5777408939
650,0.03620795074,0.5818080874
651,0.03588455093,0.5826737381
652,0.03540488069,0.5813105035
653,0.03435245796,0.5781442492
654,0.03316278976,0.5731795522
655,0.03172192743,0.5666335647
656,0.03024800496,0.5590218181
657,0.02887821996,0.5512133552
658,0.02801557915,0.5435134941
659,0.02728400324,0.5372739668
660,0.02713723982,0.5335460103
661,0.02736866567,0.5328094696
662,0.02818197444,0.5344223852
663,0.02925449738,0.5378987998
664,0.03067485975,0.543085378
665,0.03205658605,0.5498922557
666,0.03343705999,0.5574127977
667,0.03449544388,0.5647394039
668,0.03538469791,0.5712160145
669,0.0357439766,0.5753053485
670,0.03558947888,0.5762115132
671,0.03484000662,0.5749374117
672,0.03407280006,0.5718194839
673,0.0328014455,0.566942413
674,0.03132986277,0.5604860538
675,0.02998419516,0.5529310664
676,0.0286404325,0.5451656825
677,0.02763497844,0.5375433696
678,0.02707398833,0.5313295982
679,0.02680855947,0.527730444
680,0.0271791796,0.5270202012
681,0.02797770107,0.5286555603
682,0.0291201178,0.5321074655
683,0.03040201451,0.5372622123
684,0.03183492372,0.544032434
685,0.03323423963,0.5514824311
686,0.03432462575,0.5587720433
687,0.03523339455,0.5651972552
688,0.03568859379,0.5692622621
689,0.03533583026,0.5702176155
690,0.03483755856,0.5689486837
691,0.03376206965,0.5658862534
692,0.03270998474,0.5610557763
693,0.03133805665,0.5546697254
694,0.02993297071,0.5471738159
695,0.028614088,0.5394891408
696,0.02764505875,0.5319142918
697,0.02701654311,0.5258055836
698,0.02676453515,0.5225375653
699,0.02719300007,0.5218021425
700,0.02807090316,0.5234139085
701,0.0290566816,0.5268085638
702,0.0304751066,0.5318678772
703,0.03174401267,0.5385041293
704,0.0331836601,0.5458485717
705,0.03433578114,0.5530123098
706,0.03515724043,0.5592208526
707,0.0355130266,0.5633003043
708,0.03535812732,0.5642960009
709,0.0347869171,0.5631224019
710,0.03383308861,0.5601666757
711,0.03276850772,0.5554894538
712,0.03144901381,0.5492746787
713,0.0299523002,0.5419159798
714,0.02882896925,0.5343618369
715,0.02771423294,0.526904915
716,0.0270897693,0.5209103632
717,0.02701140828,0.5177137922
718,0.0274631944,0.5170854929
719,0.02815737423,0.5186617098
720,0.02924817191,0.521928258
721,0.03055252845,0.5266953071
722,0.03191623126,0.5331777699
723,0.0333792275,0.5403734871
724,0.03442488073,0.5474662178
725,0.03530239185,0.5536335761
726,0.03564015841,0.5577343114
727,0.0355001467,0.5588244547
728,0.03499174165,0.5577481234
729,0.03412270408,0.5548980211
730,0.03286074474,0.5503779777
731,0.03161967271,0.5443024034
732,0.03022740121,0.5370559142
733,0.02900730423,0.5296091474
734,0.02806574718,0.5221884435
735,0.02737443045,0.516155105
736,0.02723958573,0.5130087063
737,0.02761651127,0.5123993205
738,0.02850168233,0.5139336408
739,0.0294729167,0.5171870119
740,0.03087634957,0.5220085762
741,0.03218229887,0.5284016871
742,0.03353539839,0.5355263854
743,0.0346961735,0.54235941
744,0.03551911934,0.5484872244
745,0.03586040078,0.5526086579
746,0.03584920747,0.5537383995
747,0.03518473909,0.5527242224
748,0.03436247248,0.5499849402
749,0.03324923451,0.5455567629
750,0.03194862021,0.5396227193
751,0.03054994378,0.5325045785
752,0.02943108547,0.5251444371
753,0.02832871561,0.5177956172
754,0.02780440314,0.5118897875
755,0.02755875851,0.508589662
756,0.02800034587,0.5079928777
757,0.02872735801,0.5095159099
758,0.02993016122,0.5127022443
759,0.03113264529,0.517456759
760,0.03246026583,0.5237747973
761,0.03376304961,0.5308346494
762,0.03504777063,0.537598415
763,0.03576146657,0.5437064666
764,0.03630463631,0.5478079269
765,0.03604521732,0.5489970118
766,0.03556203097,0.5480174272
767,0.03462870974,0.5453525317
768,0.03369137148,0.5410053797
769,0.0322728585,0.5351912183
770,0.03095028636,0.5281683626
771,0.02977047442,0.5208996982
772,0.02874283897,0.5136173803
773,0.02818832932,0.5079524798
774,0.02808706183,0.5046512238
775,0.02838580856,0.504049083
776,0.02920836639,0.5054817252
777,0.03017989481,0.5085549844
778,0.03149325186,0.5131690782
779,0.03273211022,0.5193041931
780,0.03420530675,0.5262393093
781,0.03531965224,0.5329314959
782,0.0360889921,0.5389931104
783,0.03647209396,0.5431126756
784,0.03644590385,0.54435248
785,0.03586129335,0.5434730775
786,0.03517814709,0.5409101503
787,0.0339503177,0.5367250014
788,0.03272471001,0.5310541625
789,0.0312896978,0.5241735079
790,0.03031277601,0.5170081653
791,0.02922975779,0.5097891292
792,0.02856586836,0.5042223868
793,0.0285169006,0.5009264313
794,0.0288415936,0.5002765566
795,0.02953617804,0.5016227292
796,0.03061164133,0.5045767228
797,0.03182115945,0.5090509298
798,0.03316231943,0.51504654
799,0.03444206326,0.5218941659
800,0.03560357811,0.5285220115
801,0.03643740109,0.5345462011
802,0.03685623688,0.538679054
803,0.03677663509,0.5399886359
804,0.03623785259,0.5391882061
805,0.03547217404,0.5367530275
806,0.03446170051,0.532681131
807,0.03314919786,0.5271824265
808,0.03192112329,0.5204310565
809,0.03067545474,0.5133939723
810,0.02972030995,0.5062659235
811,0.02914900803,0.5007766659
812,0.0288895861,0.4974822336
813,0.02933008539,0.4967761632
814,0.03004505302,0.4980503512
815,0.0309451432,0.5008761362
816,0.03220949041,0.505207522
817,0.03350822051,0.5110693848
818,0.034743568,0.5177912443
819,0.03597480923,0.5243258593
820,0.036755948,0.5303203423
821,0.03716291924,0.5344436149
822,0.03704431918,0.5358260171
823,0.03666556243,0.5350832649
824,0.03597765618,0.5327608744
825,0.03484033407,0.5288463163
826,0.03369076001,0.5235234202
827,0.03227816476,0.5169342137
828,0.03115375935,0.5100070704
829,0.03024236623,0.5030194958
830,0.0296581118,0.4976011562
831,0.0294019329,0.4943046163
832,0.02973625233,0.4935637585
833,0.03038409777,0.4947204503
834,0.03143404995,0.4973998525
835,0.03251212252,0.5014628998
836,0.03383715666,0.5071753468
837,0.03510215619,0.5137959084
838,0.03623954465,0.5202838866
839,0.03713189778,0.5262658837
840,0.0375039338,0.5304281897
841,0.03742839639,0.5318918739
842,0.03708890372,0.5312488282
843,0.03628885692,0.5290692243
844,0.03532111612,0.525313881
845,0.03406239276,0.5203389463
846,0.03284794646,0.5138639037
847,0.031625818,0.5069965608
848,0.03066861855,0.5000305264
849,0.03008852097,0.4944635613
850,0.0298059571,0.4909660509
851,0.03008715348,0.4901599927
852,0.03068390702,0.4912583568
853,0.03169827207,0.493856925
854,0.0328817316,0.497858482
855,0.03413875913,0.5035184632
856,0.03543041329,0.510124097
857,0.03645398892,0.5166123074
858,0.03736871906,0.5226091677
859,0.03791374982,0.5267885559
860,0.03791079964,0.5284476042
861,0.03737244265,0.527872585
862,0.03665876907,0.5257531543
863,0.03564677313,0.522049524
864,0.0345794739,0.5171263934
865,0.03326998018,0.5107037315
866,0.03205019397,0.5038799827
867,0.0310229805,0.4969758029
868,0.03046734444,0.4914277494
869,0.0302075089,0.4879112654
870,0.03049950078,0.4869449154
871,0.03117273191,0.4879954223
872,0.03199835256,0.4905362736
873,0.03317342497,0.4947537102
874,0.03447041626,0.5003125799
875,0.03571688756,0.5067865892
876,0.03683283749,0.5131525477
877,0.03760064659,0.51906066
878,0.03819080317,0.5231676417
879,0.03814270457,0.5248253589
880,0.0377089107,0.5242859409
881,0.03697198215,0.5222575079
882,0.03598276351,0.5187176478
883,0.03496590513,0.5139328085
884,0.03369771294,0.5076641166
885,0.03245477367,0.5009631813
886,0.03157863925,0.4941903552
887,0.03078436797,0.4887283202
888,0.0306838273,0.4852092005
889,0.03089559985,0.4842031724
890,0.03152256399,0.4851655357
891,0.03230796976,0.4875865315
892,0.03348112395,0.4915748542
893,0.03480503614,0.4969949395
894,0.03594766527,0.5033577751
895,0.03706982334,0.5096604699
896,0.03792559862,0.5155243537
897,0.03834283029,0.5196526105
898,0.0384453354,0.5213730028
899,0.03806228704,0.5209184677
900,0.03727081958,0.5190204344
901,0.03637322804,0.5156230195
902,0.03531367072,0.5109876716
903,0.03406733725,0.5048840307
904,0.03294232262,0.4983060042
905,0.03184687923,0.4916442429
906,0.0312860206,0.4861890336
907,0.03105627282,0.4826582274
908,0.03125844418,0.4815853996
909,0.031748564,0.4824527795
910,0.03270904411,0.4847318219
911,0.03368354696,0.4885999622
912,0.03511818324,0.4938399587
913,0.03623087633,0.500090107
914,0.03724711028,0.5063008328
915,0.03811791302,0.5121226651
916,0.03872134151,0.5162423009
917,0.03855896057,0.5180453097
918,0.03832115842,0.5176716145
919,0.03769322487,0.5158948017
920,0.03676923365,0.5126623712
921,0.03548963603,0.5082105282
922,0.03453236265,0.5025272578
923,0.03331206012,0.4960548644
924,0.03233584479,0.4893904088
925,0.0316925706,0.4838976903
926,0.03139483592,0.4802562102
927,0.03155839956,0.4790378246
928,0.03211751003,0.4797681212
929,0.0328740811,0.4818885813
930,0.03402532653,0.4855759627
931,0.03521467703,0.4906958324
932,0.03640495278,0.4968280491
933,0.0374406258,0.5029866124
934,0.03829322144,0.5088036426
935,0.03890186932,0.5129827866
936,0.03889511476,0.5150126749
937,0.03861326866,0.5147479448
938,0.03796624631,0.5130986096
939,0.03691276079,0.5099884808
940,0.03598244269,0.5056429675
941,0.03478874914,0.5001210114
942,0.03370490894,0.4937106804
943,0.03272196038,0.4868656741
944,0.03193365319,0.4814254874
945,0.03160797175,0.4777984607
946,0.03186093584,0.476562845
947,0.03237382871,0.4772489902
948,0.03327120237,0.479282893
949,0.0341111396,0.4829207152
950,0.03539010908,0.4879366103
951,0.03657028486,0.4939727249
952,0.03758866014,0.5000434763
953,0.03855789244,0.5057986868
954,0.03906142293,0.5099594629
955,0.03908827548,0.512042284
956,0.03874498784,0.5118522985
957,0.03810688849,0.5102882839
958,0.03735017289,0.5073595299
959,0.03623923899,0.502962951
960,0.03514580602,0.4976047627
961,0.03402143659,0.4913833354
962,0.03298058364,0.4846777255
963,0.03224467078,0.4793127905
964,0.03197203053,0.475706901
965,0.03210436181,0.4742965142
966,0.0326294233,0.4749260805
967,0.03331669911,0.4768538652
968,0.03446943295,0.4803709394
969,0.03543302594,0.4852891635
970,0.0367028584,0.4912188613
971,0.03788672235,0.4971945969
972,0.03861261572,0.5028978852
973,0.03913359968,0.5070678553
974,0.03932731424,0.5091597706
975,0.03899366518,0.5090442811
976,0.03834792551,0.5075891582
977,0.03759881799,0.5047735173
978,0.0365084016,0.5005217292
979,0.03539789918,0.4953245222
980,0.03427575668,0.4892371038
981,0.03321976761,0.4826351602
982,0.03259556832,0.477308586
983,0.03229446782,0.4737036464
984,0.03237144572,0.4722249526
985,0.03284507575,0.4727792646
986,0.03358095077,0.4745931787
987,0.03449723596,0.4779865524
988,0.03567350197,0.4827368135
989,0.03692769981,0.4885203525
990,0.03789074626,0.4944092421
991,0.03879143028,0.5000370381
992,0.039277095,0.504197986
993,0.03941326444,0.5063473744
994,0.0391926014,0.5063676566
995,0.03858306893,0.5050208322
996,0.03770742771,0.5023528872
997,0.03677978021,0.4982479358
998,0.0357343846,0.493196269
999,0.03449641243,0.4872521469
1000,0.03357077884,0.4807549994
