GlobalId,Class,Name,Storey,QuantityValue
0xeU9dPID0wRtHoP9fDZR9,IfcWall,South Wall,Level 00,10.0000
3p1fYPooL2$u2yksrDKD73,IfcWall,East Wall,Level 00,6.0000
1lY4B4CO1579EeXrU01N2a,IfcWall,North Wall,Level 00,10.0000
0D2YV9ahj0Jurpd_FOKz0d,IfcWall,West Wall,Level 00,6.0000
33QMHent94XurBGO9qGPYM,IfcWall,Meeting Partition,Level 00,5.6000
1nzLfg8dbCBhGepMF8CAfy,IfcSlab,Ground Slab,Level 00,60.0000
2F$bva7KPCCOQK_Kyk6VdI,IfcDoor,Entry Door,Level 00,0.9000
0ERbzKtNj6rP2fZYTcUumj,IfcDoor,Meeting Door,Level 00,0.8500
2hZiHezXrEy8E$Qs_hRVRr,IfcWindow,North Window,Level 00,1.5000
1G1iY04lH4uewkfA00GEmc,IfcWindow,Meeting Window,Level 00,1.2000
33ufa_VlLCMujbkVFwFQ2P,IfcWindow,East Window,Level 00,1.3000
