T,Vbb,IC
-40,0.50,2.800000E-006
-40,0.55,7.611189E-006
-40,0.60,2.068936E-005
-40,0.65,5.623950E-005
-40,0.70,1.528748E-004
-40,0.75,4.155568E-004
-40,0.80,1.129601E-003
0,0.50,6.000000E-006
0,0.55,1.630969E-005
0,0.60,4.433434E-005
0,0.65,1.205132E-004
0,0.70,3.275889E-004
0,0.75,8.904790E-004
0,0.80,2.420573E-003
25,0.50,8.000000E-006
25,0.55,2.174625E-005
25,0.60,5.911245E-005
25,0.65,1.606843E-004
25,0.70,4.367852E-004
25,0.75,1.187305E-003
25,0.80,3.227430E-003
85,0.50,1.280000E-005
85,0.55,3.479401E-005
85,0.60,9.457992E-005
85,0.65,2.570949E-004
85,0.70,6.988563E-004
85,0.75,1.899688E-003
85,0.80,5.163889E-003
